student_id,date,week,subject,score_percent,attendance,homework_completed
S001,2025-09-08,1,English,60,1,0
S001,2025-09-08,1,Mathematics,58,1,1
S001,2025-09-08,1,Biology,73,1,1
S002,2025-09-08,1,English,44,1,1
S002,2025-09-08,1,Mathematics,57,1,0
S002,2025-09-08,1,Biology,42,1,1
S003,2025-09-08,1,English,79,1,1
S003,2025-09-08,1,Mathematics,80,1,1
S003,2025-09-08,1,Biology,73,1,1
S004,2025-09-08,1,English,79,1,1
S004,2025-09-08,1,Mathematics,96,1,1
S004,2025-09-08,1,Biology,85,1,1
S005,2025-09-08,1,English,68,1,1
S005,2025-09-08,1,Mathematics,38,1,0
S005,2025-09-08,1,Biology,58,1,1
S006,2025-09-08,1,English,64,1,1
S006,2025-09-08,1,Mathematics,68,1,1
S006,2025-09-08,1,Biology,83,1,1
S007,2025-09-08,1,English,74,1,1
S007,2025-09-08,1,Mathematics,78,1,0
S007,2025-09-08,1,Biology,75,1,0
S008,2025-09-08,1,English,87,1,1
S008,2025-09-08,1,Mathematics,64,1,1
S008,2025-09-08,1,Biology,63,1,1
S009,2025-09-08,1,English,59,1,1
S009,2025-09-08,1,Mathematics,73,1,1
S009,2025-09-08,1,Biology,72,1,1
S010,2025-09-08,1,English,53,1,1
S010,2025-09-08,1,Mathematics,55,1,1
S010,2025-09-08,1,Biology,58,1,1
S011,2025-09-08,1,English,57,1,1
S011,2025-09-08,1,Mathematics,53,1,0
S011,2025-09-08,1,Biology,56,1,1
S012,2025-09-08,1,English,69,1,1
S012,2025-09-08,1,Mathematics,75,1,1
S012,2025-09-08,1,Biology,59,1,1
S013,2025-09-08,1,English,77,1,1
S013,2025-09-08,1,Mathematics,86,1,1
S013,2025-09-08,1,Biology,84,1,1
S014,2025-09-08,1,English,36,1,1
S014,2025-09-08,1,Mathematics,42,1,1
S014,2025-09-08,1,Biology,52,1,1
S015,2025-09-08,1,English,60,1,1
S015,2025-09-08,1,Mathematics,67,1,1
S015,2025-09-08,1,Biology,77,1,1
S016,2025-09-08,1,English,60,1,1
S016,2025-09-08,1,Mathematics,73,1,1
S016,2025-09-08,1,Biology,64,1,1
S017,2025-09-08,1,English,79,1,1
S017,2025-09-08,1,Mathematics,73,1,1
S017,2025-09-08,1,Biology,89,1,1
S018,2025-09-08,1,English,70,1,1
S018,2025-09-08,1,Mathematics,46,1,1
S018,2025-09-08,1,Biology,63,1,1
S019,2025-09-08,1,English,70,1,1
S019,2025-09-08,1,Mathematics,64,1,1
S019,2025-09-08,1,Biology,71,1,1
S020,2025-09-08,1,English,86,1,1
S020,2025-09-08,1,Mathematics,78,1,1
S020,2025-09-08,1,Biology,76,1,1
S021,2025-09-08,1,English,94,1,1
S021,2025-09-08,1,Mathematics,75,1,1
S021,2025-09-08,1,Biology,96,1,1
S022,2025-09-08,1,English,68,1,1
S022,2025-09-08,1,Mathematics,67,1,1
S022,2025-09-08,1,Biology,91,1,1
S023,2025-09-08,1,English,54,1,1
S023,2025-09-08,1,Mathematics,57,1,1
S023,2025-09-08,1,Biology,66,1,1
S024,2025-09-08,1,English,86,1,0
S024,2025-09-08,1,Mathematics,79,1,1
S024,2025-09-08,1,Biology,79,1,1
S025,2025-09-08,1,English,58,1,0
S025,2025-09-08,1,Mathematics,75,1,1
S025,2025-09-08,1,Biology,80,1,1
S026,2025-09-08,1,English,88,1,1
S026,2025-09-08,1,Mathematics,78,1,0
S026,2025-09-08,1,Biology,64,1,1
S027,2025-09-08,1,English,75,1,1
S027,2025-09-08,1,Mathematics,78,1,1
S027,2025-09-08,1,Biology,83,1,1
S028,2025-09-08,1,English,67,1,1
S028,2025-09-08,1,Mathematics,75,1,1
S028,2025-09-08,1,Biology,58,1,1
S029,2025-09-08,1,English,76,1,1
S029,2025-09-08,1,Mathematics,66,1,0
S029,2025-09-08,1,Biology,73,1,1
S030,2025-09-08,1,English,41,1,0
S030,2025-09-08,1,Mathematics,38,1,0
S030,2025-09-08,1,Biology,55,1,1
S031,2025-09-08,1,English,64,1,1
S031,2025-09-08,1,Mathematics,57,1,1
S031,2025-09-08,1,Biology,70,1,1
S032,2025-09-08,1,English,69,1,1
S032,2025-09-08,1,Mathematics,65,1,1
S032,2025-09-08,1,Biology,62,1,1
S033,2025-09-08,1,English,69,1,1
S033,2025-09-08,1,Mathematics,77,1,1
S033,2025-09-08,1,Biology,92,1,1
S034,2025-09-08,1,English,58,1,1
S034,2025-09-08,1,Mathematics,62,1,1
S034,2025-09-08,1,Biology,76,1,0
S035,2025-09-08,1,English,57,1,1
S035,2025-09-08,1,Mathematics,67,1,1
S035,2025-09-08,1,Biology,73,1,1
S036,2025-09-08,1,English,77,1,1
S036,2025-09-08,1,Mathematics,77,1,1
S036,2025-09-08,1,Biology,76,1,1
S037,2025-09-08,1,English,76,1,1
S037,2025-09-08,1,Mathematics,95,1,1
S037,2025-09-08,1,Biology,75,1,1
S038,2025-09-08,1,English,51,1,1
S038,2025-09-08,1,Mathematics,50,1,1
S038,2025-09-08,1,Biology,37,1,1
S039,2025-09-08,1,English,89,1,1
S039,2025-09-08,1,Mathematics,88,1,1
S039,2025-09-08,1,Biology,81,1,1
S040,2025-09-08,1,English,62,1,1
S040,2025-09-08,1,Mathematics,48,1,1
S040,2025-09-08,1,Biology,43,1,1
S041,2025-09-08,1,English,98,1,1
S041,2025-09-08,1,Mathematics,80,1,1
S041,2025-09-08,1,Biology,85,1,1
S042,2025-09-08,1,English,51,1,0
S042,2025-09-08,1,Mathematics,64,1,0
S042,2025-09-08,1,Biology,51,1,1
S043,2025-09-08,1,English,58,1,1
S043,2025-09-08,1,Mathematics,68,1,1
S043,2025-09-08,1,Biology,72,1,1
S044,2025-09-08,1,English,73,1,1
S044,2025-09-08,1,Mathematics,88,1,1
S044,2025-09-08,1,Biology,98,1,1
S045,2025-09-08,1,English,68,1,1
S045,2025-09-08,1,Mathematics,49,1,1
S045,2025-09-08,1,Biology,63,1,1
S046,2025-09-08,1,English,83,1,1
S046,2025-09-08,1,Mathematics,66,1,1
S046,2025-09-08,1,Biology,71,1,1
S047,2025-09-08,1,English,87,1,1
S047,2025-09-08,1,Mathematics,60,1,1
S047,2025-09-08,1,Biology,83,1,1
S048,2025-09-08,1,English,78,1,0
S048,2025-09-08,1,Mathematics,79,1,1
S048,2025-09-08,1,Biology,81,1,1
S049,2025-09-08,1,English,76,1,1
S049,2025-09-08,1,Mathematics,72,1,1
S049,2025-09-08,1,Biology,63,1,1
S050,2025-09-08,1,English,57,1,1
S050,2025-09-08,1,Mathematics,63,1,1
S050,2025-09-08,1,Biology,48,1,1
S001,2025-09-15,2,English,56,1,0
S001,2025-09-15,2,Mathematics,71,1,1
S001,2025-09-15,2,Biology,69,1,1
S002,2025-09-15,2,English,52,1,1
S002,2025-09-15,2,Mathematics,50,1,1
S002,2025-09-15,2,Biology,48,1,1
S003,2025-09-15,2,English,63,1,1
S003,2025-09-15,2,Mathematics,72,1,1
S003,2025-09-15,2,Biology,75,1,1
S004,2025-09-15,2,English,90,1,1
S004,2025-09-15,2,Mathematics,88,1,0
S004,2025-09-15,2,Biology,93,1,1
S005,2025-09-15,2,English,67,1,1
S005,2025-09-15,2,Mathematics,39,1,1
S005,2025-09-15,2,Biology,60,1,0
S006,2025-09-15,2,English,66,1,1
S006,2025-09-15,2,Mathematics,62,1,1
S006,2025-09-15,2,Biology,71,1,1
S007,2025-09-15,2,English,74,1,1
S007,2025-09-15,2,Mathematics,82,1,1
S007,2025-09-15,2,Biology,90,1,1
S008,2025-09-15,2,English,93,1,1
S008,2025-09-15,2,Mathematics,74,1,1
S008,2025-09-15,2,Biology,74,1,1
S009,2025-09-15,2,English,80,1,1
S009,2025-09-15,2,Mathematics,56,1,1
S009,2025-09-15,2,Biology,72,1,1
S010,2025-09-15,2,English,53,1,1
S010,2025-09-15,2,Mathematics,48,1,1
S010,2025-09-15,2,Biology,69,1,1
S011,2025-09-15,2,English,71,1,1
S011,2025-09-15,2,Mathematics,45,1,1
S011,2025-09-15,2,Biology,52,1,0
S012,2025-09-15,2,English,75,1,1
S012,2025-09-15,2,Mathematics,62,1,1
S012,2025-09-15,2,Biology,78,1,0
S013,2025-09-15,2,English,81,1,1
S013,2025-09-15,2,Mathematics,87,1,1
S013,2025-09-15,2,Biology,89,1,0
S014,2025-09-15,2,English,37,1,1
S014,2025-09-15,2,Mathematics,49,1,1
S014,2025-09-15,2,Biology,50,1,1
S015,2025-09-15,2,English,58,1,1
S015,2025-09-15,2,Mathematics,64,1,1
S015,2025-09-15,2,Biology,53,1,1
S016,2025-09-15,2,English,65,1,0
S016,2025-09-15,2,Mathematics,69,1,1
S016,2025-09-15,2,Biology,47,1,1
S017,2025-09-15,2,English,74,1,1
S017,2025-09-15,2,Mathematics,86,1,1
S017,2025-09-15,2,Biology,84,1,1
S018,2025-09-15,2,English,52,1,1
S018,2025-09-15,2,Mathematics,65,1,1
S018,2025-09-15,2,Biology,59,1,0
S019,2025-09-15,2,English,50,1,1
S019,2025-09-15,2,Mathematics,70,1,1
S019,2025-09-15,2,Biology,67,1,1
S020,2025-09-15,2,English,92,1,0
S020,2025-09-15,2,Mathematics,74,1,1
S020,2025-09-15,2,Biology,69,1,1
S021,2025-09-15,2,English,81,1,1
S021,2025-09-15,2,Mathematics,91,1,1
S021,2025-09-15,2,Biology,92,1,1
S022,2025-09-15,2,English,76,1,1
S022,2025-09-15,2,Mathematics,76,1,1
S022,2025-09-15,2,Biology,65,1,1
S023,2025-09-15,2,English,59,1,1
S023,2025-09-15,2,Mathematics,55,1,1
S023,2025-09-15,2,Biology,48,1,0
S024,2025-09-15,2,English,75,1,1
S024,2025-09-15,2,Mathematics,74,1,1
S024,2025-09-15,2,Biology,77,1,0
S025,2025-09-15,2,English,73,1,0
S025,2025-09-15,2,Mathematics,74,1,1
S025,2025-09-15,2,Biology,81,1,1
S026,2025-09-15,2,English,91,1,1
S026,2025-09-15,2,Mathematics,85,1,1
S026,2025-09-15,2,Biology,76,1,1
S027,2025-09-15,2,English,88,1,1
S027,2025-09-15,2,Mathematics,98,1,1
S027,2025-09-15,2,Biology,81,1,1
S028,2025-09-15,2,English,71,1,1
S028,2025-09-15,2,Mathematics,70,1,1
S028,2025-09-15,2,Biology,72,1,1
S029,2025-09-15,2,English,59,1,1
S029,2025-09-15,2,Mathematics,68,1,1
S029,2025-09-15,2,Biology,68,1,1
S030,2025-09-15,2,English,58,1,0
S030,2025-09-15,2,Mathematics,52,1,1
S030,2025-09-15,2,Biology,50,1,1
S031,2025-09-15,2,English,73,1,1
S031,2025-09-15,2,Mathematics,75,1,1
S031,2025-09-15,2,Biology,61,1,1
S032,2025-09-15,2,English,74,1,1
S032,2025-09-15,2,Mathematics,60,1,1
S032,2025-09-15,2,Biology,67,1,1
S033,2025-09-15,2,English,55,1,1
S033,2025-09-15,2,Mathematics,82,1,1
S033,2025-09-15,2,Biology,66,1,1
S034,2025-09-15,2,English,52,1,1
S034,2025-09-15,2,Mathematics,62,1,1
S034,2025-09-15,2,Biology,66,1,1
S035,2025-09-15,2,English,70,1,1
S035,2025-09-15,2,Mathematics,72,1,1
S035,2025-09-15,2,Biology,55,1,1
S036,2025-09-15,2,English,81,1,1
S036,2025-09-15,2,Mathematics,77,1,1
S036,2025-09-15,2,Biology,71,1,1
S037,2025-09-15,2,English,78,1,1
S037,2025-09-15,2,Mathematics,93,1,1
S037,2025-09-15,2,Biology,77,1,1
S038,2025-09-15,2,English,48,1,1
S038,2025-09-15,2,Mathematics,52,1,1
S038,2025-09-15,2,Biology,56,1,1
S039,2025-09-15,2,English,96,1,1
S039,2025-09-15,2,Mathematics,74,1,1
S039,2025-09-15,2,Biology,71,1,1
S040,2025-09-15,2,English,52,1,1
S040,2025-09-15,2,Mathematics,57,1,1
S040,2025-09-15,2,Biology,43,1,1
S041,2025-09-15,2,English,98,1,1
S041,2025-09-15,2,Mathematics,85,1,1
S041,2025-09-15,2,Biology,83,1,1
S042,2025-09-15,2,English,59,1,1
S042,2025-09-15,2,Mathematics,65,1,1
S042,2025-09-15,2,Biology,53,1,1
S043,2025-09-15,2,English,46,1,0
S043,2025-09-15,2,Mathematics,61,1,1
S043,2025-09-15,2,Biology,64,1,1
S044,2025-09-15,2,English,62,1,1
S044,2025-09-15,2,Mathematics,94,1,1
S044,2025-09-15,2,Biology,97,1,1
S045,2025-09-15,2,English,64,1,1
S045,2025-09-15,2,Mathematics,41,1,1
S045,2025-09-15,2,Biology,70,1,1
S046,2025-09-15,2,English,68,1,1
S046,2025-09-15,2,Mathematics,66,1,1
S046,2025-09-15,2,Biology,64,1,1
S047,2025-09-15,2,English,93,1,1
S047,2025-09-15,2,Mathematics,67,1,1
S047,2025-09-15,2,Biology,73,1,1
S048,2025-09-15,2,English,73,1,0
S048,2025-09-15,2,Mathematics,85,1,1
S048,2025-09-15,2,Biology,80,1,1
S049,2025-09-15,2,English,75,1,1
S049,2025-09-15,2,Mathematics,69,1,1
S049,2025-09-15,2,Biology,70,1,1
S050,2025-09-15,2,English,64,1,1
S050,2025-09-15,2,Mathematics,69,1,0
S050,2025-09-15,2,Biology,56,1,1
S001,2025-09-22,3,English,66,1,1
S001,2025-09-22,3,Mathematics,69,1,1
S001,2025-09-22,3,Biology,76,1,0
S002,2025-09-22,3,English,63,1,1
S002,2025-09-22,3,Mathematics,48,1,1
S002,2025-09-22,3,Biology,44,1,1
S003,2025-09-22,3,English,85,1,1
S003,2025-09-22,3,Mathematics,65,1,1
S003,2025-09-22,3,Biology,67,1,1
S004,2025-09-22,3,English,90,1,1
S004,2025-09-22,3,Mathematics,98,1,0
S004,2025-09-22,3,Biology,86,1,1
S005,2025-09-22,3,English,52,1,1
S005,2025-09-22,3,Mathematics,50,1,1
S005,2025-09-22,3,Biology,60,1,1
S006,2025-09-22,3,English,58,1,1
S006,2025-09-22,3,Mathematics,60,1,1
S006,2025-09-22,3,Biology,70,1,1
S007,2025-09-22,3,English,73,1,1
S007,2025-09-22,3,Mathematics,81,1,1
S007,2025-09-22,3,Biology,88,1,1
S008,2025-09-22,3,English,72,1,1
S008,2025-09-22,3,Mathematics,72,1,1
S008,2025-09-22,3,Biology,73,1,1
S009,2025-09-22,3,English,72,1,1
S009,2025-09-22,3,Mathematics,64,1,1
S009,2025-09-22,3,Biology,66,1,1
S010,2025-09-22,3,English,51,1,1
S010,2025-09-22,3,Mathematics,49,1,1
S010,2025-09-22,3,Biology,54,1,1
S011,2025-09-22,3,English,61,1,1
S011,2025-09-22,3,Mathematics,34,1,1
S011,2025-09-22,3,Biology,51,1,1
S012,2025-09-22,3,English,82,1,0
S012,2025-09-22,3,Mathematics,70,1,0
S012,2025-09-22,3,Biology,78,1,1
S013,2025-09-22,3,English,79,1,1
S013,2025-09-22,3,Mathematics,98,1,1
S013,2025-09-22,3,Biology,91,1,1
S014,2025-09-22,3,English,36,1,0
S014,2025-09-22,3,Mathematics,30,1,1
S014,2025-09-22,3,Biology,52,1,1
S015,2025-09-22,3,English,69,1,1
S015,2025-09-22,3,Mathematics,47,1,0
S015,2025-09-22,3,Biology,69,1,0
S016,2025-09-22,3,English,55,1,0
S016,2025-09-22,3,Mathematics,63,1,1
S016,2025-09-22,3,Biology,67,1,1
S017,2025-09-22,3,English,69,1,1
S017,2025-09-22,3,Mathematics,65,1,1
S017,2025-09-22,3,Biology,79,1,1
S018,2025-09-22,3,English,61,1,0
S018,2025-09-22,3,Mathematics,68,1,1
S018,2025-09-22,3,Biology,58,1,1
S019,2025-09-22,3,English,65,1,1
S019,2025-09-22,3,Mathematics,67,1,1
S019,2025-09-22,3,Biology,68,1,1
S020,2025-09-22,3,English,74,1,1
S020,2025-09-22,3,Mathematics,77,1,1
S020,2025-09-22,3,Biology,75,1,1
S021,2025-09-22,3,English,96,1,1
S021,2025-09-22,3,Mathematics,84,1,1
S021,2025-09-22,3,Biology,85,1,1
S022,2025-09-22,3,English,60,1,1
S022,2025-09-22,3,Mathematics,73,1,1
S022,2025-09-22,3,Biology,73,1,0
S023,2025-09-22,3,English,42,1,0
S023,2025-09-22,3,Mathematics,47,1,1
S023,2025-09-22,3,Biology,61,1,0
S024,2025-09-22,3,English,77,1,1
S024,2025-09-22,3,Mathematics,82,1,1
S024,2025-09-22,3,Biology,84,1,1
S025,2025-09-22,3,English,75,1,0
S025,2025-09-22,3,Mathematics,76,1,1
S025,2025-09-22,3,Biology,81,1,1
S026,2025-09-22,3,English,91,1,0
S026,2025-09-22,3,Mathematics,94,1,0
S026,2025-09-22,3,Biology,63,1,0
S027,2025-09-22,3,English,95,1,1
S027,2025-09-22,3,Mathematics,87,1,1
S027,2025-09-22,3,Biology,80,1,1
S028,2025-09-22,3,English,74,1,1
S028,2025-09-22,3,Mathematics,68,1,1
S028,2025-09-22,3,Biology,67,1,1
S029,2025-09-22,3,English,65,1,1
S029,2025-09-22,3,Mathematics,63,1,1
S029,2025-09-22,3,Biology,73,1,0
S030,2025-09-22,3,English,40,1,1
S030,2025-09-22,3,Mathematics,33,1,1
S030,2025-09-22,3,Biology,32,1,1
S031,2025-09-22,3,English,67,1,1
S031,2025-09-22,3,Mathematics,64,1,1
S031,2025-09-22,3,Biology,79,1,1
S032,2025-09-22,3,English,50,1,1
S032,2025-09-22,3,Mathematics,56,1,1
S032,2025-09-22,3,Biology,63,1,1
S033,2025-09-22,3,English,59,1,1
S033,2025-09-22,3,Mathematics,91,1,1
S033,2025-09-22,3,Biology,80,1,1
S034,2025-09-22,3,English,56,1,0
S034,2025-09-22,3,Mathematics,60,1,0
S034,2025-09-22,3,Biology,67,1,0
S035,2025-09-22,3,English,78,1,1
S035,2025-09-22,3,Mathematics,52,1,1
S035,2025-09-22,3,Biology,62,1,1
S036,2025-09-22,3,English,82,1,1
S036,2025-09-22,3,Mathematics,96,1,1
S036,2025-09-22,3,Biology,88,1,1
S037,2025-09-22,3,English,84,1,1
S037,2025-09-22,3,Mathematics,88,1,1
S037,2025-09-22,3,Biology,85,1,1
S038,2025-09-22,3,English,44,1,1
S038,2025-09-22,3,Mathematics,52,1,1
S038,2025-09-22,3,Biology,47,1,1
S039,2025-09-22,3,English,94,1,1
S039,2025-09-22,3,Mathematics,80,1,1
S039,2025-09-22,3,Biology,84,1,1
S040,2025-09-22,3,English,61,1,1
S040,2025-09-22,3,Mathematics,59,1,1
S040,2025-09-22,3,Biology,45,1,1
S041,2025-09-22,3,English,96,1,1
S041,2025-09-22,3,Mathematics,93,1,1
S041,2025-09-22,3,Biology,92,1,1
S042,2025-09-22,3,English,60,1,1
S042,2025-09-22,3,Mathematics,62,1,1
S042,2025-09-22,3,Biology,33,1,1
S043,2025-09-22,3,English,57,1,1
S043,2025-09-22,3,Mathematics,68,1,0
S043,2025-09-22,3,Biology,65,1,1
S044,2025-09-22,3,English,71,1,1
S044,2025-09-22,3,Mathematics,86,1,1
S044,2025-09-22,3,Biology,84,1,1
S045,2025-09-22,3,English,64,1,1
S045,2025-09-22,3,Mathematics,46,1,1
S045,2025-09-22,3,Biology,74,1,0
S046,2025-09-22,3,English,65,1,1
S046,2025-09-22,3,Mathematics,52,1,1
S046,2025-09-22,3,Biology,58,1,1
S047,2025-09-22,3,English,95,1,1
S047,2025-09-22,3,Mathematics,65,1,1
S047,2025-09-22,3,Biology,85,1,1
S048,2025-09-22,3,English,78,1,1
S048,2025-09-22,3,Mathematics,68,1,1
S048,2025-09-22,3,Biology,71,1,1
S049,2025-09-22,3,English,78,1,1
S049,2025-09-22,3,Mathematics,80,1,1
S049,2025-09-22,3,Biology,50,1,1
S050,2025-09-22,3,English,58,1,1
S050,2025-09-22,3,Mathematics,61,1,0
S050,2025-09-22,3,Biology,69,1,0
S001,2025-09-29,4,English,62,1,1
S001,2025-09-29,4,Mathematics,77,1,1
S001,2025-09-29,4,Biology,70,1,1
S002,2025-09-29,4,English,35,1,1
S002,2025-09-29,4,Mathematics,57,1,1
S002,2025-09-29,4,Biology,49,1,1
S003,2025-09-29,4,English,73,1,1
S003,2025-09-29,4,Mathematics,73,1,1
S003,2025-09-29,4,Biology,71,1,1
S004,2025-09-29,4,English,85,1,1
S004,2025-09-29,4,Mathematics,89,1,1
S004,2025-09-29,4,Biology,79,1,1
S005,2025-09-29,4,English,55,1,1
S005,2025-09-29,4,Mathematics,46,1,1
S005,2025-09-29,4,Biology,61,1,1
S006,2025-09-29,4,English,64,1,1
S006,2025-09-29,4,Mathematics,80,1,1
S006,2025-09-29,4,Biology,79,1,1
S007,2025-09-29,4,English,70,1,0
S007,2025-09-29,4,Mathematics,88,1,0
S007,2025-09-29,4,Biology,86,1,1
S008,2025-09-29,4,English,77,1,1
S008,2025-09-29,4,Mathematics,76,1,1
S008,2025-09-29,4,Biology,63,1,1
S009,2025-09-29,4,English,66,1,1
S009,2025-09-29,4,Mathematics,57,1,1
S009,2025-09-29,4,Biology,71,1,1
S010,2025-09-29,4,English,56,1,1
S010,2025-09-29,4,Mathematics,35,1,1
S010,2025-09-29,4,Biology,60,1,1
S011,2025-09-29,4,English,69,1,1
S011,2025-09-29,4,Mathematics,32,1,1
S011,2025-09-29,4,Biology,47,1,1
S012,2025-09-29,4,English,65,1,1
S012,2025-09-29,4,Mathematics,66,1,0
S012,2025-09-29,4,Biology,72,1,1
S013,2025-09-29,4,English,64,1,1
S013,2025-09-29,4,Mathematics,74,1,1
S013,2025-09-29,4,Biology,85,1,1
S014,2025-09-29,4,English,37,1,1
S014,2025-09-29,4,Mathematics,30,1,1
S014,2025-09-29,4,Biology,52,1,1
S015,2025-09-29,4,English,62,1,0
S015,2025-09-29,4,Mathematics,59,1,1
S015,2025-09-29,4,Biology,62,1,1
S016,2025-09-29,4,English,50,1,1
S016,2025-09-29,4,Mathematics,66,1,1
S016,2025-09-29,4,Biology,63,1,1
S017,2025-09-29,4,English,86,1,1
S017,2025-09-29,4,Mathematics,81,1,1
S017,2025-09-29,4,Biology,75,1,1
S018,2025-09-29,4,English,70,1,0
S018,2025-09-29,4,Mathematics,67,1,1
S018,2025-09-29,4,Biology,63,1,1
S019,2025-09-29,4,English,64,1,1
S019,2025-09-29,4,Mathematics,67,1,1
S019,2025-09-29,4,Biology,72,1,1
S020,2025-09-29,4,English,78,1,1
S020,2025-09-29,4,Mathematics,92,1,1
S020,2025-09-29,4,Biology,82,1,1
S021,2025-09-29,4,English,87,1,1
S021,2025-09-29,4,Mathematics,80,1,1
S021,2025-09-29,4,Biology,87,1,0
S022,2025-09-29,4,English,76,1,1
S022,2025-09-29,4,Mathematics,67,1,1
S022,2025-09-29,4,Biology,78,1,1
S023,2025-09-29,4,English,65,1,1
S023,2025-09-29,4,Mathematics,48,1,0
S023,2025-09-29,4,Biology,66,1,1
S024,2025-09-29,4,English,70,1,0
S024,2025-09-29,4,Mathematics,73,1,0
S024,2025-09-29,4,Biology,79,1,0
S025,2025-09-29,4,English,76,1,1
S025,2025-09-29,4,Mathematics,89,1,1
S025,2025-09-29,4,Biology,81,1,0
S026,2025-09-29,4,English,84,1,1
S026,2025-09-29,4,Mathematics,79,1,0
S026,2025-09-29,4,Biology,70,1,0
S027,2025-09-29,4,English,73,1,1
S027,2025-09-29,4,Mathematics,95,1,1
S027,2025-09-29,4,Biology,74,1,1
S028,2025-09-29,4,English,71,1,1
S028,2025-09-29,4,Mathematics,74,1,1
S028,2025-09-29,4,Biology,76,1,1
S029,2025-09-29,4,English,74,1,1
S029,2025-09-29,4,Mathematics,61,1,0
S029,2025-09-29,4,Biology,68,1,1
S030,2025-09-29,4,English,51,1,1
S030,2025-09-29,4,Mathematics,40,1,1
S030,2025-09-29,4,Biology,37,1,1
S031,2025-09-29,4,English,58,1,1
S031,2025-09-29,4,Mathematics,45,1,1
S031,2025-09-29,4,Biology,72,1,1
S032,2025-09-29,4,English,54,1,1
S032,2025-09-29,4,Mathematics,56,1,1
S032,2025-09-29,4,Biology,70,1,1
S033,2025-09-29,4,English,75,1,1
S033,2025-09-29,4,Mathematics,85,1,1
S033,2025-09-29,4,Biology,77,1,1
S034,2025-09-29,4,English,56,1,1
S034,2025-09-29,4,Mathematics,69,1,1
S034,2025-09-29,4,Biology,62,1,1
S035,2025-09-29,4,English,72,1,1
S035,2025-09-29,4,Mathematics,57,1,1
S035,2025-09-29,4,Biology,62,1,1
S036,2025-09-29,4,English,82,1,1
S036,2025-09-29,4,Mathematics,77,1,1
S036,2025-09-29,4,Biology,86,1,1
S037,2025-09-29,4,English,75,1,1
S037,2025-09-29,4,Mathematics,76,1,1
S037,2025-09-29,4,Biology,85,1,1
S038,2025-09-29,4,English,40,1,1
S038,2025-09-29,4,Mathematics,37,1,0
S038,2025-09-29,4,Biology,41,1,0
S039,2025-09-29,4,English,76,1,1
S039,2025-09-29,4,Mathematics,78,1,0
S039,2025-09-29,4,Biology,82,1,1
S040,2025-09-29,4,English,64,1,1
S040,2025-09-29,4,Mathematics,51,1,1
S040,2025-09-29,4,Biology,48,1,1
S041,2025-09-29,4,English,98,1,1
S041,2025-09-29,4,Mathematics,85,1,1
S041,2025-09-29,4,Biology,77,1,1
S042,2025-09-29,4,English,55,1,0
S042,2025-09-29,4,Mathematics,69,1,1
S042,2025-09-29,4,Biology,36,1,0
S043,2025-09-29,4,English,67,1,0
S043,2025-09-29,4,Mathematics,71,1,1
S043,2025-09-29,4,Biology,59,1,1
S044,2025-09-29,4,English,68,1,1
S044,2025-09-29,4,Mathematics,82,1,1
S044,2025-09-29,4,Biology,85,1,1
S045,2025-09-29,4,English,75,1,1
S045,2025-09-29,4,Mathematics,54,1,1
S045,2025-09-29,4,Biology,77,1,1
S046,2025-09-29,4,English,72,1,1
S046,2025-09-29,4,Mathematics,71,1,1
S046,2025-09-29,4,Biology,65,1,1
S047,2025-09-29,4,English,85,1,1
S047,2025-09-29,4,Mathematics,74,1,1
S047,2025-09-29,4,Biology,76,1,1
S048,2025-09-29,4,English,72,1,1
S048,2025-09-29,4,Mathematics,84,1,0
S048,2025-09-29,4,Biology,97,1,0
S049,2025-09-29,4,English,68,1,1
S049,2025-09-29,4,Mathematics,79,1,1
S049,2025-09-29,4,Biology,73,1,1
S050,2025-09-29,4,English,52,1,1
S050,2025-09-29,4,Mathematics,68,1,0
S050,2025-09-29,4,Biology,62,1,1
S001,2025-10-06,5,English,56,1,1
S001,2025-10-06,5,Mathematics,51,1,1
S001,2025-10-06,5,Biology,64,1,1
S002,2025-10-06,5,English,49,1,1
S002,2025-10-06,5,Mathematics,46,1,1
S002,2025-10-06,5,Biology,53,1,0
S003,2025-10-06,5,English,73,1,1
S003,2025-10-06,5,Mathematics,76,1,1
S003,2025-10-06,5,Biology,74,1,1
S004,2025-10-06,5,English,84,1,0
S004,2025-10-06,5,Mathematics,95,1,0
S004,2025-10-06,5,Biology,89,1,1
S005,2025-10-06,5,English,58,1,1
S005,2025-10-06,5,Mathematics,43,1,1
S005,2025-10-06,5,Biology,58,1,1
S006,2025-10-06,5,English,53,1,1
S006,2025-10-06,5,Mathematics,85,1,1
S006,2025-10-06,5,Biology,80,1,1
S007,2025-10-06,5,English,72,1,1
S007,2025-10-06,5,Mathematics,84,1,1
S007,2025-10-06,5,Biology,75,1,1
S008,2025-10-06,5,English,70,1,0
S008,2025-10-06,5,Mathematics,68,1,1
S008,2025-10-06,5,Biology,69,1,1
S009,2025-10-06,5,English,74,1,1
S009,2025-10-06,5,Mathematics,69,1,1
S009,2025-10-06,5,Biology,64,1,1
S010,2025-10-06,5,English,55,1,1
S010,2025-10-06,5,Mathematics,46,1,1
S010,2025-10-06,5,Biology,60,1,1
S011,2025-10-06,5,English,56,1,1
S011,2025-10-06,5,Mathematics,47,1,1
S011,2025-10-06,5,Biology,53,1,0
S012,2025-10-06,5,English,62,1,1
S012,2025-10-06,5,Mathematics,59,1,0
S012,2025-10-06,5,Biology,73,1,0
S013,2025-10-06,5,English,76,1,1
S013,2025-10-06,5,Mathematics,89,1,1
S013,2025-10-06,5,Biology,78,1,1
S014,2025-10-06,5,English,37,1,1
S014,2025-10-06,5,Mathematics,46,1,1
S014,2025-10-06,5,Biology,53,1,1
S015,2025-10-06,5,English,55,1,1
S015,2025-10-06,5,Mathematics,63,1,1
S015,2025-10-06,5,Biology,63,1,1
S016,2025-10-06,5,English,62,1,1
S016,2025-10-06,5,Mathematics,83,1,1
S016,2025-10-06,5,Biology,45,1,1
S017,2025-10-06,5,English,83,1,0
S017,2025-10-06,5,Mathematics,81,1,1
S017,2025-10-06,5,Biology,92,1,1
S018,2025-10-06,5,English,59,1,1
S018,2025-10-06,5,Mathematics,51,1,1
S018,2025-10-06,5,Biology,67,1,0
S019,2025-10-06,5,English,52,1,1
S019,2025-10-06,5,Mathematics,71,1,1
S019,2025-10-06,5,Biology,61,1,1
S020,2025-10-06,5,English,87,1,1
S020,2025-10-06,5,Mathematics,74,1,1
S020,2025-10-06,5,Biology,67,1,0
S021,2025-10-06,5,English,98,1,1
S021,2025-10-06,5,Mathematics,90,1,0
S021,2025-10-06,5,Biology,80,1,1
S022,2025-10-06,5,English,78,1,1
S022,2025-10-06,5,Mathematics,72,1,1
S022,2025-10-06,5,Biology,78,1,0
S023,2025-10-06,5,English,60,1,1
S023,2025-10-06,5,Mathematics,42,1,1
S023,2025-10-06,5,Biology,55,1,0
S024,2025-10-06,5,English,89,1,1
S024,2025-10-06,5,Mathematics,79,1,1
S024,2025-10-06,5,Biology,93,1,0
S025,2025-10-06,5,English,84,1,1
S025,2025-10-06,5,Mathematics,77,1,1
S025,2025-10-06,5,Biology,87,1,1
S026,2025-10-06,5,English,81,1,1
S026,2025-10-06,5,Mathematics,74,1,1
S026,2025-10-06,5,Biology,64,1,1
S027,2025-10-06,5,English,98,1,1
S027,2025-10-06,5,Mathematics,96,1,1
S027,2025-10-06,5,Biology,85,1,1
S028,2025-10-06,5,English,58,1,0
S028,2025-10-06,5,Mathematics,71,1,1
S028,2025-10-06,5,Biology,56,1,1
S029,2025-10-06,5,English,58,1,0
S029,2025-10-06,5,Mathematics,76,1,1
S029,2025-10-06,5,Biology,63,1,1
S030,2025-10-06,5,English,51,1,0
S030,2025-10-06,5,Mathematics,43,1,1
S030,2025-10-06,5,Biology,53,1,1
S031,2025-10-06,5,English,79,1,1
S031,2025-10-06,5,Mathematics,56,1,0
S031,2025-10-06,5,Biology,68,1,1
S032,2025-10-06,5,English,53,1,1
S032,2025-10-06,5,Mathematics,66,1,1
S032,2025-10-06,5,Biology,62,1,1
S033,2025-10-06,5,English,76,1,1
S033,2025-10-06,5,Mathematics,74,1,1
S033,2025-10-06,5,Biology,79,1,1
S034,2025-10-06,5,English,61,1,0
S034,2025-10-06,5,Mathematics,63,1,1
S034,2025-10-06,5,Biology,67,1,1
S035,2025-10-06,5,English,68,1,1
S035,2025-10-06,5,Mathematics,66,1,1
S035,2025-10-06,5,Biology,70,1,1
S036,2025-10-06,5,English,88,1,1
S036,2025-10-06,5,Mathematics,91,1,1
S036,2025-10-06,5,Biology,72,1,1
S037,2025-10-06,5,English,70,1,0
S037,2025-10-06,5,Mathematics,82,1,1
S037,2025-10-06,5,Biology,79,1,1
S038,2025-10-06,5,English,45,1,1
S038,2025-10-06,5,Mathematics,39,1,0
S038,2025-10-06,5,Biology,47,1,1
S039,2025-10-06,5,English,96,1,1
S039,2025-10-06,5,Mathematics,78,1,0
S039,2025-10-06,5,Biology,76,1,1
S040,2025-10-06,5,English,48,1,1
S040,2025-10-06,5,Mathematics,65,1,1
S040,2025-10-06,5,Biology,31,1,1
S041,2025-10-06,5,English,98,1,1
S041,2025-10-06,5,Mathematics,76,1,1
S041,2025-10-06,5,Biology,89,1,1
S042,2025-10-06,5,English,60,1,0
S042,2025-10-06,5,Mathematics,55,1,0
S042,2025-10-06,5,Biology,63,1,1
S043,2025-10-06,5,English,57,1,1
S043,2025-10-06,5,Mathematics,64,1,1
S043,2025-10-06,5,Biology,64,1,1
S044,2025-10-06,5,English,69,1,1
S044,2025-10-06,5,Mathematics,96,1,1
S044,2025-10-06,5,Biology,83,1,1
S045,2025-10-06,5,English,66,1,1
S045,2025-10-06,5,Mathematics,52,1,1
S045,2025-10-06,5,Biology,67,1,0
S046,2025-10-06,5,English,67,1,1
S046,2025-10-06,5,Mathematics,81,1,1
S046,2025-10-06,5,Biology,65,1,0
S047,2025-10-06,5,English,94,1,1
S047,2025-10-06,5,Mathematics,65,1,1
S047,2025-10-06,5,Biology,82,1,1
S048,2025-10-06,5,English,77,1,1
S048,2025-10-06,5,Mathematics,80,1,1
S048,2025-10-06,5,Biology,95,1,1
S049,2025-10-06,5,English,56,1,1
S049,2025-10-06,5,Mathematics,58,1,1
S049,2025-10-06,5,Biology,62,1,1
S050,2025-10-06,5,English,57,1,1
S050,2025-10-06,5,Mathematics,55,1,1
S050,2025-10-06,5,Biology,62,1,1
S001,2025-10-13,6,English,60,1,1
S001,2025-10-13,6,Mathematics,68,1,1
S001,2025-10-13,6,Biology,65,1,1
S002,2025-10-13,6,English,41,1,1
S002,2025-10-13,6,Mathematics,50,1,1
S002,2025-10-13,6,Biology,49,1,1
S003,2025-10-13,6,English,83,1,1
S003,2025-10-13,6,Mathematics,76,1,1
S003,2025-10-13,6,Biology,72,1,1
S004,2025-10-13,6,English,89,1,1
S004,2025-10-13,6,Mathematics,86,1,1
S004,2025-10-13,6,Biology,80,1,1
S005,2025-10-13,6,English,58,1,1
S005,2025-10-13,6,Mathematics,48,1,0
S005,2025-10-13,6,Biology,63,1,1
S006,2025-10-13,6,English,71,1,1
S006,2025-10-13,6,Mathematics,84,1,1
S006,2025-10-13,6,Biology,80,1,1
S007,2025-10-13,6,English,57,1,1
S007,2025-10-13,6,Mathematics,77,1,1
S007,2025-10-13,6,Biology,81,1,1
S008,2025-10-13,6,English,75,1,1
S008,2025-10-13,6,Mathematics,69,1,0
S008,2025-10-13,6,Biology,76,1,1
S009,2025-10-13,6,English,79,1,1
S009,2025-10-13,6,Mathematics,58,1,1
S009,2025-10-13,6,Biology,68,1,1
S010,2025-10-13,6,English,53,1,1
S010,2025-10-13,6,Mathematics,58,1,1
S010,2025-10-13,6,Biology,56,1,1
S011,2025-10-13,6,English,47,1,1
S011,2025-10-13,6,Mathematics,31,1,0
S011,2025-10-13,6,Biology,53,1,0
S012,2025-10-13,6,English,77,1,1
S012,2025-10-13,6,Mathematics,71,1,1
S012,2025-10-13,6,Biology,65,1,1
S013,2025-10-13,6,English,81,1,1
S013,2025-10-13,6,Mathematics,89,1,1
S013,2025-10-13,6,Biology,79,1,1
S014,2025-10-13,6,English,51,1,1
S014,2025-10-13,6,Mathematics,38,1,1
S014,2025-10-13,6,Biology,44,1,1
S015,2025-10-13,6,English,62,1,1
S015,2025-10-13,6,Mathematics,57,1,1
S015,2025-10-13,6,Biology,54,1,1
S016,2025-10-13,6,English,67,1,1
S016,2025-10-13,6,Mathematics,73,1,1
S016,2025-10-13,6,Biology,41,1,1
S017,2025-10-13,6,English,79,1,1
S017,2025-10-13,6,Mathematics,78,1,1
S017,2025-10-13,6,Biology,77,1,1
S018,2025-10-13,6,English,63,1,1
S018,2025-10-13,6,Mathematics,51,1,0
S018,2025-10-13,6,Biology,79,1,1
S019,2025-10-13,6,English,60,1,1
S019,2025-10-13,6,Mathematics,70,1,1
S019,2025-10-13,6,Biology,71,1,1
S020,2025-10-13,6,English,80,1,0
S020,2025-10-13,6,Mathematics,84,1,0
S020,2025-10-13,6,Biology,77,1,1
S021,2025-10-13,6,English,96,1,1
S021,2025-10-13,6,Mathematics,94,1,1
S021,2025-10-13,6,Biology,82,1,1
S022,2025-10-13,6,English,64,1,1
S022,2025-10-13,6,Mathematics,69,1,1
S022,2025-10-13,6,Biology,60,1,1
S023,2025-10-13,6,English,61,1,1
S023,2025-10-13,6,Mathematics,49,1,1
S023,2025-10-13,6,Biology,56,1,0
S024,2025-10-13,6,English,86,1,1
S024,2025-10-13,6,Mathematics,87,1,1
S024,2025-10-13,6,Biology,75,1,1
S025,2025-10-13,6,English,69,1,1
S025,2025-10-13,6,Mathematics,78,1,1
S025,2025-10-13,6,Biology,64,1,1
S026,2025-10-13,6,English,87,1,1
S026,2025-10-13,6,Mathematics,72,1,0
S026,2025-10-13,6,Biology,65,1,1
S027,2025-10-13,6,English,86,1,1
S027,2025-10-13,6,Mathematics,96,1,1
S027,2025-10-13,6,Biology,87,1,1
S028,2025-10-13,6,English,75,1,1
S028,2025-10-13,6,Mathematics,79,1,1
S028,2025-10-13,6,Biology,88,1,1
S029,2025-10-13,6,English,70,1,1
S029,2025-10-13,6,Mathematics,88,1,0
S029,2025-10-13,6,Biology,69,1,1
S030,2025-10-13,6,English,67,1,1
S030,2025-10-13,6,Mathematics,45,1,1
S030,2025-10-13,6,Biology,46,1,1
S031,2025-10-13,6,English,72,1,0
S031,2025-10-13,6,Mathematics,50,1,1
S031,2025-10-13,6,Biology,68,1,1
S032,2025-10-13,6,English,56,1,1
S032,2025-10-13,6,Mathematics,51,1,1
S032,2025-10-13,6,Biology,68,1,1
S033,2025-10-13,6,English,69,1,1
S033,2025-10-13,6,Mathematics,94,1,1
S033,2025-10-13,6,Biology,69,1,1
S034,2025-10-13,6,English,47,1,1
S034,2025-10-13,6,Mathematics,54,1,0
S034,2025-10-13,6,Biology,65,1,1
S035,2025-10-13,6,English,57,1,1
S035,2025-10-13,6,Mathematics,62,1,1
S035,2025-10-13,6,Biology,70,1,1
S036,2025-10-13,6,English,70,1,1
S036,2025-10-13,6,Mathematics,89,1,1
S036,2025-10-13,6,Biology,73,1,1
S037,2025-10-13,6,English,75,1,1
S037,2025-10-13,6,Mathematics,94,1,1
S037,2025-10-13,6,Biology,92,1,1
S038,2025-10-13,6,English,47,1,1
S038,2025-10-13,6,Mathematics,51,1,0
S038,2025-10-13,6,Biology,41,1,1
S039,2025-10-13,6,English,88,1,1
S039,2025-10-13,6,Mathematics,70,1,1
S039,2025-10-13,6,Biology,86,1,1
S040,2025-10-13,6,English,51,1,1
S040,2025-10-13,6,Mathematics,57,1,1
S040,2025-10-13,6,Biology,45,1,1
S041,2025-10-13,6,English,98,1,1
S041,2025-10-13,6,Mathematics,65,1,1
S041,2025-10-13,6,Biology,85,1,1
S042,2025-10-13,6,English,52,1,1
S042,2025-10-13,6,Mathematics,62,1,1
S042,2025-10-13,6,Biology,52,1,0
S043,2025-10-13,6,English,45,1,1
S043,2025-10-13,6,Mathematics,79,1,1
S043,2025-10-13,6,Biology,71,1,1
S044,2025-10-13,6,English,69,1,1
S044,2025-10-13,6,Mathematics,79,1,1
S044,2025-10-13,6,Biology,88,1,0
S045,2025-10-13,6,English,65,1,1
S045,2025-10-13,6,Mathematics,51,1,0
S045,2025-10-13,6,Biology,62,1,0
S046,2025-10-13,6,English,73,1,0
S046,2025-10-13,6,Mathematics,59,1,1
S046,2025-10-13,6,Biology,64,1,1
S047,2025-10-13,6,English,91,1,1
S047,2025-10-13,6,Mathematics,75,1,1
S047,2025-10-13,6,Biology,96,1,1
S048,2025-10-13,6,English,77,1,1
S048,2025-10-13,6,Mathematics,78,1,0
S048,2025-10-13,6,Biology,94,1,1
S049,2025-10-13,6,English,69,1,1
S049,2025-10-13,6,Mathematics,62,1,1
S049,2025-10-13,6,Biology,80,1,1
S050,2025-10-13,6,English,60,1,1
S050,2025-10-13,6,Mathematics,62,1,1
S050,2025-10-13,6,Biology,59,1,1
S001,2025-10-20,7,English,72,1,1
S001,2025-10-20,7,Mathematics,64,1,1
S001,2025-10-20,7,Biology,72,1,1
S002,2025-10-20,7,English,51,1,1
S002,2025-10-20,7,Mathematics,51,1,0
S002,2025-10-20,7,Biology,49,1,0
S003,2025-10-20,7,English,90,1,1
S003,2025-10-20,7,Mathematics,86,1,1
S003,2025-10-20,7,Biology,79,1,1
S004,2025-10-20,7,English,84,1,1
S004,2025-10-20,7,Mathematics,84,1,1
S004,2025-10-20,7,Biology,84,1,1
S005,2025-10-20,7,English,62,1,1
S005,2025-10-20,7,Mathematics,44,1,1
S005,2025-10-20,7,Biology,58,1,1
S006,2025-10-20,7,English,59,1,1
S006,2025-10-20,7,Mathematics,73,1,1
S006,2025-10-20,7,Biology,79,1,1
S007,2025-10-20,7,English,71,1,1
S007,2025-10-20,7,Mathematics,82,1,1
S007,2025-10-20,7,Biology,76,1,1
S008,2025-10-20,7,English,72,1,1
S008,2025-10-20,7,Mathematics,66,1,1
S008,2025-10-20,7,Biology,55,1,1
S009,2025-10-20,7,English,78,1,1
S009,2025-10-20,7,Mathematics,72,1,1
S009,2025-10-20,7,Biology,55,1,1
S010,2025-10-20,7,English,59,1,1
S010,2025-10-20,7,Mathematics,69,1,1
S010,2025-10-20,7,Biology,52,1,1
S011,2025-10-20,7,English,59,1,1
S011,2025-10-20,7,Mathematics,55,1,1
S011,2025-10-20,7,Biology,55,1,1
S012,2025-10-20,7,English,76,1,1
S012,2025-10-20,7,Mathematics,61,1,0
S012,2025-10-20,7,Biology,60,1,1
S013,2025-10-20,7,English,94,1,1
S013,2025-10-20,7,Mathematics,86,1,1
S013,2025-10-20,7,Biology,95,1,1
S014,2025-10-20,7,English,48,1,1
S014,2025-10-20,7,Mathematics,44,1,1
S014,2025-10-20,7,Biology,43,1,1
S015,2025-10-20,7,English,48,1,0
S015,2025-10-20,7,Mathematics,49,1,1
S015,2025-10-20,7,Biology,70,1,1
S016,2025-10-20,7,English,61,1,1
S016,2025-10-20,7,Mathematics,58,1,1
S016,2025-10-20,7,Biology,59,1,0
S017,2025-10-20,7,English,83,1,1
S017,2025-10-20,7,Mathematics,87,1,1
S017,2025-10-20,7,Biology,80,1,1
S018,2025-10-20,7,English,62,1,1
S018,2025-10-20,7,Mathematics,72,1,1
S018,2025-10-20,7,Biology,78,1,1
S019,2025-10-20,7,English,67,1,0
S019,2025-10-20,7,Mathematics,67,1,1
S019,2025-10-20,7,Biology,71,1,0
S020,2025-10-20,7,English,76,1,1
S020,2025-10-20,7,Mathematics,64,1,1
S020,2025-10-20,7,Biology,78,1,0
S021,2025-10-20,7,English,98,1,1
S021,2025-10-20,7,Mathematics,84,1,1
S021,2025-10-20,7,Biology,98,1,1
S022,2025-10-20,7,English,72,1,0
S022,2025-10-20,7,Mathematics,61,1,1
S022,2025-10-20,7,Biology,75,1,1
S023,2025-10-20,7,English,61,1,1
S023,2025-10-20,7,Mathematics,44,1,0
S023,2025-10-20,7,Biology,58,1,1
S024,2025-10-20,7,English,63,1,1
S024,2025-10-20,7,Mathematics,84,1,1
S024,2025-10-20,7,Biology,83,1,0
S025,2025-10-20,7,English,79,1,1
S025,2025-10-20,7,Mathematics,78,1,1
S025,2025-10-20,7,Biology,90,1,1
S026,2025-10-20,7,English,86,1,1
S026,2025-10-20,7,Mathematics,83,1,0
S026,2025-10-20,7,Biology,58,1,1
S027,2025-10-20,7,English,96,1,1
S027,2025-10-20,7,Mathematics,95,1,1
S027,2025-10-20,7,Biology,70,1,0
S028,2025-10-20,7,English,55,1,1
S028,2025-10-20,7,Mathematics,65,1,1
S028,2025-10-20,7,Biology,80,1,1
S029,2025-10-20,7,English,66,1,1
S029,2025-10-20,7,Mathematics,76,1,0
S029,2025-10-20,7,Biology,71,1,1
S030,2025-10-20,7,English,48,1,1
S030,2025-10-20,7,Mathematics,35,1,1
S030,2025-10-20,7,Biology,43,1,0
S031,2025-10-20,7,English,69,1,1
S031,2025-10-20,7,Mathematics,60,1,1
S031,2025-10-20,7,Biology,64,1,0
S032,2025-10-20,7,English,62,1,1
S032,2025-10-20,7,Mathematics,65,1,1
S032,2025-10-20,7,Biology,61,1,1
S033,2025-10-20,7,English,75,1,1
S033,2025-10-20,7,Mathematics,81,1,1
S033,2025-10-20,7,Biology,66,1,1
S034,2025-10-20,7,English,55,1,1
S034,2025-10-20,7,Mathematics,60,1,0
S034,2025-10-20,7,Biology,75,1,1
S035,2025-10-20,7,English,60,1,1
S035,2025-10-20,7,Mathematics,60,1,1
S035,2025-10-20,7,Biology,59,1,1
S036,2025-10-20,7,English,70,1,0
S036,2025-10-20,7,Mathematics,88,1,1
S036,2025-10-20,7,Biology,86,1,1
S037,2025-10-20,7,English,80,1,1
S037,2025-10-20,7,Mathematics,93,1,1
S037,2025-10-20,7,Biology,76,1,0
S038,2025-10-20,7,English,42,1,1
S038,2025-10-20,7,Mathematics,53,1,0
S038,2025-10-20,7,Biology,39,1,1
S039,2025-10-20,7,English,92,1,1
S039,2025-10-20,7,Mathematics,81,1,1
S039,2025-10-20,7,Biology,78,1,1
S040,2025-10-20,7,English,53,1,1
S040,2025-10-20,7,Mathematics,52,1,1
S040,2025-10-20,7,Biology,61,1,1
S041,2025-10-20,7,English,98,1,1
S041,2025-10-20,7,Mathematics,83,1,0
S041,2025-10-20,7,Biology,88,1,1
S042,2025-10-20,7,English,39,1,1
S042,2025-10-20,7,Mathematics,54,1,1
S042,2025-10-20,7,Biology,40,1,0
S043,2025-10-20,7,English,60,1,1
S043,2025-10-20,7,Mathematics,55,1,1
S043,2025-10-20,7,Biology,62,1,0
S044,2025-10-20,7,English,68,1,1
S044,2025-10-20,7,Mathematics,86,1,1
S044,2025-10-20,7,Biology,84,1,1
S045,2025-10-20,7,English,57,1,1
S045,2025-10-20,7,Mathematics,49,1,1
S045,2025-10-20,7,Biology,68,1,0
S046,2025-10-20,7,English,67,1,1
S046,2025-10-20,7,Mathematics,67,1,1
S046,2025-10-20,7,Biology,56,1,1
S047,2025-10-20,7,English,84,1,1
S047,2025-10-20,7,Mathematics,84,1,1
S047,2025-10-20,7,Biology,82,1,1
S048,2025-10-20,7,English,72,1,1
S048,2025-10-20,7,Mathematics,82,1,1
S048,2025-10-20,7,Biology,82,1,1
S049,2025-10-20,7,English,51,1,1
S049,2025-10-20,7,Mathematics,82,1,1
S049,2025-10-20,7,Biology,71,1,1
S050,2025-10-20,7,English,49,1,1
S050,2025-10-20,7,Mathematics,70,1,1
S050,2025-10-20,7,Biology,54,1,1
S001,2025-10-27,8,English,57,1,1
S001,2025-10-27,8,Mathematics,70,1,1
S001,2025-10-27,8,Biology,60,1,1
S002,2025-10-27,8,English,50,1,1
S002,2025-10-27,8,Mathematics,54,1,1
S002,2025-10-27,8,Biology,53,1,1
S003,2025-10-27,8,English,86,1,1
S003,2025-10-27,8,Mathematics,65,1,1
S003,2025-10-27,8,Biology,71,1,1
S004,2025-10-27,8,English,88,1,1
S004,2025-10-27,8,Mathematics,98,1,1
S004,2025-10-27,8,Biology,84,1,1
S005,2025-10-27,8,English,55,1,1
S005,2025-10-27,8,Mathematics,47,1,1
S005,2025-10-27,8,Biology,70,1,1
S006,2025-10-27,8,English,65,1,0
S006,2025-10-27,8,Mathematics,66,1,1
S006,2025-10-27,8,Biology,65,1,1
S007,2025-10-27,8,English,65,1,0
S007,2025-10-27,8,Mathematics,72,1,1
S007,2025-10-27,8,Biology,69,1,0
S008,2025-10-27,8,English,85,1,1
S008,2025-10-27,8,Mathematics,87,1,1
S008,2025-10-27,8,Biology,71,1,1
S009,2025-10-27,8,English,68,1,1
S009,2025-10-27,8,Mathematics,66,1,1
S009,2025-10-27,8,Biology,64,1,1
S010,2025-10-27,8,English,64,1,1
S010,2025-10-27,8,Mathematics,49,1,1
S010,2025-10-27,8,Biology,57,1,1
S011,2025-10-27,8,English,66,1,1
S011,2025-10-27,8,Mathematics,43,1,1
S011,2025-10-27,8,Biology,55,1,1
S012,2025-10-27,8,English,71,1,1
S012,2025-10-27,8,Mathematics,53,1,1
S012,2025-10-27,8,Biology,64,1,0
S013,2025-10-27,8,English,71,1,1
S013,2025-10-27,8,Mathematics,87,1,1
S013,2025-10-27,8,Biology,79,1,1
S014,2025-10-27,8,English,43,1,1
S014,2025-10-27,8,Mathematics,41,1,1
S014,2025-10-27,8,Biology,40,1,1
S015,2025-10-27,8,English,66,1,0
S015,2025-10-27,8,Mathematics,50,1,1
S015,2025-10-27,8,Biology,61,1,1
S016,2025-10-27,8,English,69,1,1
S016,2025-10-27,8,Mathematics,64,1,0
S016,2025-10-27,8,Biology,42,1,1
S017,2025-10-27,8,English,84,1,1
S017,2025-10-27,8,Mathematics,71,1,1
S017,2025-10-27,8,Biology,80,1,1
S018,2025-10-27,8,English,61,1,1
S018,2025-10-27,8,Mathematics,64,1,1
S018,2025-10-27,8,Biology,56,1,0
S019,2025-10-27,8,English,49,1,1
S019,2025-10-27,8,Mathematics,67,1,1
S019,2025-10-27,8,Biology,67,1,1
S020,2025-10-27,8,English,86,1,1
S020,2025-10-27,8,Mathematics,71,1,1
S020,2025-10-27,8,Biology,58,1,0
S021,2025-10-27,8,English,89,1,1
S021,2025-10-27,8,Mathematics,87,1,1
S021,2025-10-27,8,Biology,98,1,1
S022,2025-10-27,8,English,74,1,1
S022,2025-10-27,8,Mathematics,80,1,1
S022,2025-10-27,8,Biology,64,1,1
S023,2025-10-27,8,English,50,1,1
S023,2025-10-27,8,Mathematics,64,1,1
S023,2025-10-27,8,Biology,57,1,0
S024,2025-10-27,8,English,84,1,1
S024,2025-10-27,8,Mathematics,82,1,1
S024,2025-10-27,8,Biology,70,1,1
S025,2025-10-27,8,English,66,1,0
S025,2025-10-27,8,Mathematics,73,1,1
S025,2025-10-27,8,Biology,79,1,1
S026,2025-10-27,8,English,85,1,1
S026,2025-10-27,8,Mathematics,74,1,0
S026,2025-10-27,8,Biology,70,1,1
S027,2025-10-27,8,English,98,1,1
S027,2025-10-27,8,Mathematics,90,1,0
S027,2025-10-27,8,Biology,82,1,1
S028,2025-10-27,8,English,64,1,1
S028,2025-10-27,8,Mathematics,72,1,1
S028,2025-10-27,8,Biology,67,1,1
S029,2025-10-27,8,English,50,1,1
S029,2025-10-27,8,Mathematics,79,1,1
S029,2025-10-27,8,Biology,81,1,1
S030,2025-10-27,8,English,58,1,1
S030,2025-10-27,8,Mathematics,51,1,1
S030,2025-10-27,8,Biology,47,1,1
S031,2025-10-27,8,English,70,1,1
S031,2025-10-27,8,Mathematics,63,1,1
S031,2025-10-27,8,Biology,70,1,1
S032,2025-10-27,8,English,65,1,0
S032,2025-10-27,8,Mathematics,75,1,1
S032,2025-10-27,8,Biology,75,1,1
S033,2025-10-27,8,English,79,1,1
S033,2025-10-27,8,Mathematics,81,1,1
S033,2025-10-27,8,Biology,80,1,1
S034,2025-10-27,8,English,73,1,1
S034,2025-10-27,8,Mathematics,67,1,0
S034,2025-10-27,8,Biology,68,1,1
S035,2025-10-27,8,English,69,1,1
S035,2025-10-27,8,Mathematics,58,1,1
S035,2025-10-27,8,Biology,66,1,1
S036,2025-10-27,8,English,76,1,1
S036,2025-10-27,8,Mathematics,86,1,1
S036,2025-10-27,8,Biology,80,1,1
S037,2025-10-27,8,English,81,1,1
S037,2025-10-27,8,Mathematics,81,1,1
S037,2025-10-27,8,Biology,87,1,1
S038,2025-10-27,8,English,48,1,1
S038,2025-10-27,8,Mathematics,63,1,1
S038,2025-10-27,8,Biology,43,1,1
S039,2025-10-27,8,English,78,1,1
S039,2025-10-27,8,Mathematics,69,1,1
S039,2025-10-27,8,Biology,71,1,0
S040,2025-10-27,8,English,63,1,1
S040,2025-10-27,8,Mathematics,54,1,1
S040,2025-10-27,8,Biology,53,1,1
S041,2025-10-27,8,English,98,1,1
S041,2025-10-27,8,Mathematics,87,1,1
S041,2025-10-27,8,Biology,82,1,1
S042,2025-10-27,8,English,49,1,1
S042,2025-10-27,8,Mathematics,52,1,1
S042,2025-10-27,8,Biology,55,1,1
S043,2025-10-27,8,English,62,1,1
S043,2025-10-27,8,Mathematics,62,1,1
S043,2025-10-27,8,Biology,63,1,1
S044,2025-10-27,8,English,77,1,1
S044,2025-10-27,8,Mathematics,86,1,1
S044,2025-10-27,8,Biology,95,1,1
S045,2025-10-27,8,English,67,1,1
S045,2025-10-27,8,Mathematics,50,1,1
S045,2025-10-27,8,Biology,82,1,1
S046,2025-10-27,8,English,60,1,1
S046,2025-10-27,8,Mathematics,75,1,1
S046,2025-10-27,8,Biology,75,1,1
S047,2025-10-27,8,English,95,1,1
S047,2025-10-27,8,Mathematics,71,1,1
S047,2025-10-27,8,Biology,96,1,1
S048,2025-10-27,8,English,86,1,1
S048,2025-10-27,8,Mathematics,86,1,1
S048,2025-10-27,8,Biology,88,1,1
S049,2025-10-27,8,English,59,1,1
S049,2025-10-27,8,Mathematics,63,1,0
S049,2025-10-27,8,Biology,76,1,1
S050,2025-10-27,8,English,51,1,0
S050,2025-10-27,8,Mathematics,63,1,1
S050,2025-10-27,8,Biology,48,1,1
S001,2025-11-03,9,English,66,1,1
S001,2025-11-03,9,Mathematics,63,1,1
S001,2025-11-03,9,Biology,63,1,1
S002,2025-11-03,9,English,55,1,1
S002,2025-11-03,9,Mathematics,52,1,1
S002,2025-11-03,9,Biology,51,1,1
S003,2025-11-03,9,English,72,1,1
S003,2025-11-03,9,Mathematics,66,1,1
S003,2025-11-03,9,Biology,84,1,1
S004,2025-11-03,9,English,98,1,1
S004,2025-11-03,9,Mathematics,93,1,1
S004,2025-11-03,9,Biology,96,1,0
S005,2025-11-03,9,English,69,1,1
S005,2025-11-03,9,Mathematics,50,1,1
S005,2025-11-03,9,Biology,62,1,1
S006,2025-11-03,9,English,63,1,1
S006,2025-11-03,9,Mathematics,67,1,1
S006,2025-11-03,9,Biology,75,1,0
S007,2025-11-03,9,English,68,1,1
S007,2025-11-03,9,Mathematics,74,1,1
S007,2025-11-03,9,Biology,78,1,1
S008,2025-11-03,9,English,82,1,1
S008,2025-11-03,9,Mathematics,63,1,0
S008,2025-11-03,9,Biology,74,1,1
S009,2025-11-03,9,English,53,1,1
S009,2025-11-03,9,Mathematics,65,1,1
S009,2025-11-03,9,Biology,67,1,1
S010,2025-11-03,9,English,50,1,1
S010,2025-11-03,9,Mathematics,46,1,1
S010,2025-11-03,9,Biology,60,1,1
S011,2025-11-03,9,English,56,1,1
S011,2025-11-03,9,Mathematics,42,1,1
S011,2025-11-03,9,Biology,59,1,1
S012,2025-11-03,9,English,73,1,1
S012,2025-11-03,9,Mathematics,70,1,1
S012,2025-11-03,9,Biology,66,1,1
S013,2025-11-03,9,English,77,1,1
S013,2025-11-03,9,Mathematics,96,1,1
S013,2025-11-03,9,Biology,89,1,1
S014,2025-11-03,9,English,49,1,1
S014,2025-11-03,9,Mathematics,38,1,1
S014,2025-11-03,9,Biology,52,1,1
S015,2025-11-03,9,English,61,1,1
S015,2025-11-03,9,Mathematics,60,1,1
S015,2025-11-03,9,Biology,67,1,1
S016,2025-11-03,9,English,58,1,1
S016,2025-11-03,9,Mathematics,82,1,1
S016,2025-11-03,9,Biology,58,1,1
S017,2025-11-03,9,English,91,1,1
S017,2025-11-03,9,Mathematics,61,1,1
S017,2025-11-03,9,Biology,76,1,1
S018,2025-11-03,9,English,62,1,1
S018,2025-11-03,9,Mathematics,61,1,1
S018,2025-11-03,9,Biology,64,1,0
S019,2025-11-03,9,English,45,1,0
S019,2025-11-03,9,Mathematics,72,1,1
S019,2025-11-03,9,Biology,68,1,1
S020,2025-11-03,9,English,76,1,1
S020,2025-11-03,9,Mathematics,71,1,1
S020,2025-11-03,9,Biology,69,1,1
S021,2025-11-03,9,English,85,1,1
S021,2025-11-03,9,Mathematics,81,1,0
S021,2025-11-03,9,Biology,77,1,1
S022,2025-11-03,9,English,69,1,1
S022,2025-11-03,9,Mathematics,59,1,1
S022,2025-11-03,9,Biology,69,1,1
S023,2025-11-03,9,English,64,1,1
S023,2025-11-03,9,Mathematics,43,1,0
S023,2025-11-03,9,Biology,64,1,1
S024,2025-11-03,9,English,74,1,1
S024,2025-11-03,9,Mathematics,76,1,1
S024,2025-11-03,9,Biology,67,1,1
S025,2025-11-03,9,English,68,1,1
S025,2025-11-03,9,Mathematics,82,1,1
S025,2025-11-03,9,Biology,91,1,0
S026,2025-11-03,9,English,81,1,1
S026,2025-11-03,9,Mathematics,76,1,0
S026,2025-11-03,9,Biology,68,1,1
S027,2025-11-03,9,English,90,1,1
S027,2025-11-03,9,Mathematics,85,1,0
S027,2025-11-03,9,Biology,78,1,1
S028,2025-11-03,9,English,69,1,1
S028,2025-11-03,9,Mathematics,72,1,1
S028,2025-11-03,9,Biology,70,1,1
S029,2025-11-03,9,English,63,1,1
S029,2025-11-03,9,Mathematics,74,1,1
S029,2025-11-03,9,Biology,70,1,0
S030,2025-11-03,9,English,39,1,0
S030,2025-11-03,9,Mathematics,71,1,1
S030,2025-11-03,9,Biology,50,1,1
S031,2025-11-03,9,English,81,1,0
S031,2025-11-03,9,Mathematics,68,1,0
S031,2025-11-03,9,Biology,84,1,0
S032,2025-11-03,9,English,66,1,1
S032,2025-11-03,9,Mathematics,62,1,1
S032,2025-11-03,9,Biology,61,1,1
S033,2025-11-03,9,English,87,1,1
S033,2025-11-03,9,Mathematics,90,1,1
S033,2025-11-03,9,Biology,70,1,1
S034,2025-11-03,9,English,58,1,1
S034,2025-11-03,9,Mathematics,53,1,1
S034,2025-11-03,9,Biology,69,1,0
S035,2025-11-03,9,English,54,1,1
S035,2025-11-03,9,Mathematics,62,1,1
S035,2025-11-03,9,Biology,64,1,1
S036,2025-11-03,9,English,82,1,1
S036,2025-11-03,9,Mathematics,87,1,1
S036,2025-11-03,9,Biology,67,1,0
S037,2025-11-03,9,English,70,1,1
S037,2025-11-03,9,Mathematics,83,1,1
S037,2025-11-03,9,Biology,88,1,0
S038,2025-11-03,9,English,43,1,1
S038,2025-11-03,9,Mathematics,37,1,1
S038,2025-11-03,9,Biology,53,1,1
S039,2025-11-03,9,English,81,1,1
S039,2025-11-03,9,Mathematics,75,1,1
S039,2025-11-03,9,Biology,80,1,1
S040,2025-11-03,9,English,53,1,1
S040,2025-11-03,9,Mathematics,60,1,1
S040,2025-11-03,9,Biology,53,1,1
S041,2025-11-03,9,English,98,1,1
S041,2025-11-03,9,Mathematics,67,1,1
S041,2025-11-03,9,Biology,92,1,1
S042,2025-11-03,9,English,47,1,1
S042,2025-11-03,9,Mathematics,57,1,1
S042,2025-11-03,9,Biology,42,1,1
S043,2025-11-03,9,English,68,1,1
S043,2025-11-03,9,Mathematics,59,1,1
S043,2025-11-03,9,Biology,68,1,1
S044,2025-11-03,9,English,73,1,1
S044,2025-11-03,9,Mathematics,84,1,1
S044,2025-11-03,9,Biology,90,1,1
S045,2025-11-03,9,English,65,1,1
S045,2025-11-03,9,Mathematics,52,1,1
S045,2025-11-03,9,Biology,79,1,1
S046,2025-11-03,9,English,58,1,1
S046,2025-11-03,9,Mathematics,70,1,1
S046,2025-11-03,9,Biology,70,1,0
S047,2025-11-03,9,English,97,1,1
S047,2025-11-03,9,Mathematics,79,1,1
S047,2025-11-03,9,Biology,84,1,1
S048,2025-11-03,9,English,80,1,1
S048,2025-11-03,9,Mathematics,82,1,1
S048,2025-11-03,9,Biology,76,1,1
S049,2025-11-03,9,English,67,1,1
S049,2025-11-03,9,Mathematics,66,1,1
S049,2025-11-03,9,Biology,72,1,1
S050,2025-11-03,9,English,56,1,1
S050,2025-11-03,9,Mathematics,69,1,1
S050,2025-11-03,9,Biology,56,1,0
S001,2025-11-10,10,English,66,1,1
S001,2025-11-10,10,Mathematics,60,1,0
S001,2025-11-10,10,Biology,59,1,1
S002,2025-11-10,10,English,57,1,0
S002,2025-11-10,10,Mathematics,50,1,0
S002,2025-11-10,10,Biology,47,1,0
S003,2025-11-10,10,English,70,1,1
S003,2025-11-10,10,Mathematics,72,1,1
S003,2025-11-10,10,Biology,80,1,1
S004,2025-11-10,10,English,90,1,1
S004,2025-11-10,10,Mathematics,93,1,1
S004,2025-11-10,10,Biology,84,1,1
S005,2025-11-10,10,English,62,1,1
S005,2025-11-10,10,Mathematics,49,1,1
S005,2025-11-10,10,Biology,64,1,1
S006,2025-11-10,10,English,53,1,0
S006,2025-11-10,10,Mathematics,65,1,1
S006,2025-11-10,10,Biology,66,1,1
S007,2025-11-10,10,English,72,1,0
S007,2025-11-10,10,Mathematics,89,1,1
S007,2025-11-10,10,Biology,70,1,1
S008,2025-11-10,10,English,77,1,1
S008,2025-11-10,10,Mathematics,58,1,1
S008,2025-11-10,10,Biology,62,1,1
S009,2025-11-10,10,English,80,1,1
S009,2025-11-10,10,Mathematics,61,1,1
S009,2025-11-10,10,Biology,69,1,0
S010,2025-11-10,10,English,52,1,1
S010,2025-11-10,10,Mathematics,58,1,1
S010,2025-11-10,10,Biology,39,1,1
S011,2025-11-10,10,English,63,1,1
S011,2025-11-10,10,Mathematics,43,1,1
S011,2025-11-10,10,Biology,47,1,1
S012,2025-11-10,10,English,73,1,1
S012,2025-11-10,10,Mathematics,60,1,0
S012,2025-11-10,10,Biology,82,1,1
S013,2025-11-10,10,English,80,1,0
S013,2025-11-10,10,Mathematics,84,1,0
S013,2025-11-10,10,Biology,88,1,1
S014,2025-11-10,10,English,52,1,1
S014,2025-11-10,10,Mathematics,37,1,1
S014,2025-11-10,10,Biology,45,1,1
S015,2025-11-10,10,English,56,1,1
S015,2025-11-10,10,Mathematics,64,1,1
S015,2025-11-10,10,Biology,55,1,0
S016,2025-11-10,10,English,66,1,1
S016,2025-11-10,10,Mathematics,77,1,1
S016,2025-11-10,10,Biology,58,1,1
S017,2025-11-10,10,English,64,1,1
S017,2025-11-10,10,Mathematics,72,1,1
S017,2025-11-10,10,Biology,71,1,1
S018,2025-11-10,10,English,64,1,0
S018,2025-11-10,10,Mathematics,64,1,1
S018,2025-11-10,10,Biology,67,1,1
S019,2025-11-10,10,English,53,1,1
S019,2025-11-10,10,Mathematics,73,1,1
S019,2025-11-10,10,Biology,65,1,1
S020,2025-11-10,10,English,78,1,1
S020,2025-11-10,10,Mathematics,70,1,1
S020,2025-11-10,10,Biology,70,1,0
S021,2025-11-10,10,English,98,1,1
S021,2025-11-10,10,Mathematics,86,1,1
S021,2025-11-10,10,Biology,88,1,1
S022,2025-11-10,10,English,79,1,1
S022,2025-11-10,10,Mathematics,71,1,1
S022,2025-11-10,10,Biology,84,1,1
S023,2025-11-10,10,English,59,1,1
S023,2025-11-10,10,Mathematics,56,1,1
S023,2025-11-10,10,Biology,55,1,1
S024,2025-11-10,10,English,79,1,1
S024,2025-11-10,10,Mathematics,77,1,0
S024,2025-11-10,10,Biology,81,1,1
S025,2025-11-10,10,English,78,1,1
S025,2025-11-10,10,Mathematics,78,1,1
S025,2025-11-10,10,Biology,94,1,1
S026,2025-11-10,10,English,98,1,1
S026,2025-11-10,10,Mathematics,69,1,1
S026,2025-11-10,10,Biology,60,1,1
S027,2025-11-10,10,English,95,1,1
S027,2025-11-10,10,Mathematics,82,1,1
S027,2025-11-10,10,Biology,77,1,1
S028,2025-11-10,10,English,62,1,1
S028,2025-11-10,10,Mathematics,68,1,1
S028,2025-11-10,10,Biology,59,1,1
S029,2025-11-10,10,English,75,1,1
S029,2025-11-10,10,Mathematics,61,1,1
S029,2025-11-10,10,Biology,65,1,1
S030,2025-11-10,10,English,52,1,1
S030,2025-11-10,10,Mathematics,32,1,1
S030,2025-11-10,10,Biology,46,1,1
S031,2025-11-10,10,English,72,1,1
S031,2025-11-10,10,Mathematics,50,1,1
S031,2025-11-10,10,Biology,63,1,1
S032,2025-11-10,10,English,59,1,1
S032,2025-11-10,10,Mathematics,54,1,1
S032,2025-11-10,10,Biology,68,1,1
S033,2025-11-10,10,English,81,1,1
S033,2025-11-10,10,Mathematics,80,1,1
S033,2025-11-10,10,Biology,69,1,1
S034,2025-11-10,10,English,46,1,0
S034,2025-11-10,10,Mathematics,69,1,1
S034,2025-11-10,10,Biology,65,1,1
S035,2025-11-10,10,English,59,1,1
S035,2025-11-10,10,Mathematics,58,1,1
S035,2025-11-10,10,Biology,63,1,1
S036,2025-11-10,10,English,84,1,1
S036,2025-11-10,10,Mathematics,77,1,1
S036,2025-11-10,10,Biology,74,1,1
S037,2025-11-10,10,English,86,1,1
S037,2025-11-10,10,Mathematics,91,1,1
S037,2025-11-10,10,Biology,82,1,1
S038,2025-11-10,10,English,54,1,1
S038,2025-11-10,10,Mathematics,41,1,1
S038,2025-11-10,10,Biology,50,1,1
S039,2025-11-10,10,English,86,1,1
S039,2025-11-10,10,Mathematics,80,1,1
S039,2025-11-10,10,Biology,91,1,1
S040,2025-11-10,10,English,53,1,1
S040,2025-11-10,10,Mathematics,63,1,1
S040,2025-11-10,10,Biology,38,1,1
S041,2025-11-10,10,English,98,1,1
S041,2025-11-10,10,Mathematics,92,1,1
S041,2025-11-10,10,Biology,88,1,1
S042,2025-11-10,10,English,34,1,0
S042,2025-11-10,10,Mathematics,65,1,1
S042,2025-11-10,10,Biology,45,1,1
S043,2025-11-10,10,English,61,1,0
S043,2025-11-10,10,Mathematics,69,1,1
S043,2025-11-10,10,Biology,72,1,1
S044,2025-11-10,10,English,59,1,1
S044,2025-11-10,10,Mathematics,98,1,1
S044,2025-11-10,10,Biology,88,1,1
S045,2025-11-10,10,English,64,1,1
S045,2025-11-10,10,Mathematics,44,1,1
S045,2025-11-10,10,Biology,73,1,0
S046,2025-11-10,10,English,71,1,0
S046,2025-11-10,10,Mathematics,78,1,1
S046,2025-11-10,10,Biology,70,1,1
S047,2025-11-10,10,English,94,1,1
S047,2025-11-10,10,Mathematics,82,1,1
S047,2025-11-10,10,Biology,82,1,1
S048,2025-11-10,10,English,78,1,1
S048,2025-11-10,10,Mathematics,88,1,1
S048,2025-11-10,10,Biology,92,1,1
S049,2025-11-10,10,English,74,1,1
S049,2025-11-10,10,Mathematics,73,1,1
S049,2025-11-10,10,Biology,82,1,0
S050,2025-11-10,10,English,58,1,1
S050,2025-11-10,10,Mathematics,64,1,1
S050,2025-11-10,10,Biology,47,1,1
S001,2025-11-17,11,English,65,1,0
S001,2025-11-17,11,Mathematics,68,1,1
S001,2025-11-17,11,Biology,56,1,1
S002,2025-11-17,11,English,66,1,0
S002,2025-11-17,11,Mathematics,65,1,1
S002,2025-11-17,11,Biology,55,1,1
S003,2025-11-17,11,English,75,1,1
S003,2025-11-17,11,Mathematics,58,1,1
S003,2025-11-17,11,Biology,81,1,1
S004,2025-11-17,11,English,98,1,1
S004,2025-11-17,11,Mathematics,98,1,1
S004,2025-11-17,11,Biology,82,1,1
S005,2025-11-17,11,English,74,1,1
S005,2025-11-17,11,Mathematics,47,1,1
S005,2025-11-17,11,Biology,58,1,1
S006,2025-11-17,11,English,64,1,1
S006,2025-11-17,11,Mathematics,68,1,1
S006,2025-11-17,11,Biology,55,1,1
S007,2025-11-17,11,English,80,1,1
S007,2025-11-17,11,Mathematics,80,1,1
S007,2025-11-17,11,Biology,66,1,1
S008,2025-11-17,11,English,83,1,1
S008,2025-11-17,11,Mathematics,68,1,1
S008,2025-11-17,11,Biology,50,1,1
S009,2025-11-17,11,English,69,1,1
S009,2025-11-17,11,Mathematics,70,1,1
S009,2025-11-17,11,Biology,68,1,1
S010,2025-11-17,11,English,35,1,1
S010,2025-11-17,11,Mathematics,43,1,0
S010,2025-11-17,11,Biology,46,1,1
S011,2025-11-17,11,English,61,1,0
S011,2025-11-17,11,Mathematics,50,1,1
S011,2025-11-17,11,Biology,64,1,1
S012,2025-11-17,11,English,74,1,1
S012,2025-11-17,11,Mathematics,64,1,1
S012,2025-11-17,11,Biology,76,1,1
S013,2025-11-17,11,English,93,1,1
S013,2025-11-17,11,Mathematics,77,1,1
S013,2025-11-17,11,Biology,81,1,1
S014,2025-11-17,11,English,35,1,1
S014,2025-11-17,11,Mathematics,51,1,1
S014,2025-11-17,11,Biology,44,1,1
S015,2025-11-17,11,English,68,1,1
S015,2025-11-17,11,Mathematics,69,1,1
S015,2025-11-17,11,Biology,58,1,1
S016,2025-11-17,11,English,51,1,0
S016,2025-11-17,11,Mathematics,61,1,1
S016,2025-11-17,11,Biology,51,1,1
S017,2025-11-17,11,English,64,1,1
S017,2025-11-17,11,Mathematics,73,1,1
S017,2025-11-17,11,Biology,86,1,1
S018,2025-11-17,11,English,78,1,1
S018,2025-11-17,11,Mathematics,66,1,0
S018,2025-11-17,11,Biology,60,1,1
S019,2025-11-17,11,English,68,1,1
S019,2025-11-17,11,Mathematics,75,1,1
S019,2025-11-17,11,Biology,88,1,1
S020,2025-11-17,11,English,64,1,1
S020,2025-11-17,11,Mathematics,77,1,1
S020,2025-11-17,11,Biology,73,1,1
S021,2025-11-17,11,English,96,1,1
S021,2025-11-17,11,Mathematics,83,1,1
S021,2025-11-17,11,Biology,87,1,1
S022,2025-11-17,11,English,74,1,1
S022,2025-11-17,11,Mathematics,77,1,1
S022,2025-11-17,11,Biology,76,1,1
S023,2025-11-17,11,English,47,1,0
S023,2025-11-17,11,Mathematics,49,1,1
S023,2025-11-17,11,Biology,69,1,1
S024,2025-11-17,11,English,89,1,1
S024,2025-11-17,11,Mathematics,78,1,1
S024,2025-11-17,11,Biology,79,1,1
S025,2025-11-17,11,English,71,1,1
S025,2025-11-17,11,Mathematics,83,1,1
S025,2025-11-17,11,Biology,98,1,1
S026,2025-11-17,11,English,83,1,0
S026,2025-11-17,11,Mathematics,72,1,1
S026,2025-11-17,11,Biology,66,1,1
S027,2025-11-17,11,English,84,1,1
S027,2025-11-17,11,Mathematics,86,1,0
S027,2025-11-17,11,Biology,80,1,0
S028,2025-11-17,11,English,86,1,1
S028,2025-11-17,11,Mathematics,72,1,1
S028,2025-11-17,11,Biology,71,1,1
S029,2025-11-17,11,English,70,1,0
S029,2025-11-17,11,Mathematics,80,1,0
S029,2025-11-17,11,Biology,68,1,1
S030,2025-11-17,11,English,45,1,0
S030,2025-11-17,11,Mathematics,33,1,1
S030,2025-11-17,11,Biology,42,1,1
S031,2025-11-17,11,English,67,1,1
S031,2025-11-17,11,Mathematics,58,1,1
S031,2025-11-17,11,Biology,65,1,0
S032,2025-11-17,11,English,72,1,1
S032,2025-11-17,11,Mathematics,75,1,1
S032,2025-11-17,11,Biology,54,1,1
S033,2025-11-17,11,English,76,1,1
S033,2025-11-17,11,Mathematics,81,1,1
S033,2025-11-17,11,Biology,66,1,1
S034,2025-11-17,11,English,75,1,1
S034,2025-11-17,11,Mathematics,65,1,0
S034,2025-11-17,11,Biology,69,1,0
S035,2025-11-17,11,English,70,1,1
S035,2025-11-17,11,Mathematics,62,1,0
S035,2025-11-17,11,Biology,84,1,1
S036,2025-11-17,11,English,72,1,1
S036,2025-11-17,11,Mathematics,84,1,1
S036,2025-11-17,11,Biology,80,1,1
S037,2025-11-17,11,English,78,1,1
S037,2025-11-17,11,Mathematics,90,1,1
S037,2025-11-17,11,Biology,80,1,1
S038,2025-11-17,11,English,42,1,1
S038,2025-11-17,11,Mathematics,58,1,0
S038,2025-11-17,11,Biology,35,1,1
S039,2025-11-17,11,English,82,1,1
S039,2025-11-17,11,Mathematics,73,1,1
S039,2025-11-17,11,Biology,89,1,1
S040,2025-11-17,11,English,69,1,1
S040,2025-11-17,11,Mathematics,54,1,1
S040,2025-11-17,11,Biology,60,1,1
S041,2025-11-17,11,English,98,1,1
S041,2025-11-17,11,Mathematics,84,1,1
S041,2025-11-17,11,Biology,93,1,1
S042,2025-11-17,11,English,38,1,1
S042,2025-11-17,11,Mathematics,59,1,1
S042,2025-11-17,11,Biology,49,1,0
S043,2025-11-17,11,English,62,1,1
S043,2025-11-17,11,Mathematics,77,1,1
S043,2025-11-17,11,Biology,66,1,1
S044,2025-11-17,11,English,62,1,1
S044,2025-11-17,11,Mathematics,93,1,1
S044,2025-11-17,11,Biology,88,1,1
S045,2025-11-17,11,English,69,1,1
S045,2025-11-17,11,Mathematics,58,1,1
S045,2025-11-17,11,Biology,75,1,1
S046,2025-11-17,11,English,70,1,0
S046,2025-11-17,11,Mathematics,61,1,0
S046,2025-11-17,11,Biology,76,1,0
S047,2025-11-17,11,English,90,1,1
S047,2025-11-17,11,Mathematics,89,1,0
S047,2025-11-17,11,Biology,91,1,1
S048,2025-11-17,11,English,87,1,1
S048,2025-11-17,11,Mathematics,76,1,0
S048,2025-11-17,11,Biology,91,1,1
S049,2025-11-17,11,English,56,1,0
S049,2025-11-17,11,Mathematics,71,1,1
S049,2025-11-17,11,Biology,70,1,1
S050,2025-11-17,11,English,48,1,1
S050,2025-11-17,11,Mathematics,67,1,1
S050,2025-11-17,11,Biology,57,1,0
S001,2025-11-24,12,English,51,1,1
S001,2025-11-24,12,Mathematics,67,1,1
S001,2025-11-24,12,Biology,65,1,1
S002,2025-11-24,12,English,50,1,1
S002,2025-11-24,12,Mathematics,62,1,0
S002,2025-11-24,12,Biology,35,1,1
S003,2025-11-24,12,English,75,1,1
S003,2025-11-24,12,Mathematics,80,1,1
S003,2025-11-24,12,Biology,74,1,1
S004,2025-11-24,12,English,84,1,1
S004,2025-11-24,12,Mathematics,97,1,0
S004,2025-11-24,12,Biology,84,1,1
S005,2025-11-24,12,English,65,1,1
S005,2025-11-24,12,Mathematics,44,1,1
S005,2025-11-24,12,Biology,61,1,1
S006,2025-11-24,12,English,57,1,1
S006,2025-11-24,12,Mathematics,73,1,1
S006,2025-11-24,12,Biology,71,1,1
S007,2025-11-24,12,English,69,1,1
S007,2025-11-24,12,Mathematics,84,1,1
S007,2025-11-24,12,Biology,78,1,1
S008,2025-11-24,12,English,76,1,1
S008,2025-11-24,12,Mathematics,69,1,1
S008,2025-11-24,12,Biology,64,1,1
S009,2025-11-24,12,English,69,1,1
S009,2025-11-24,12,Mathematics,66,1,1
S009,2025-11-24,12,Biology,74,1,1
S010,2025-11-24,12,English,51,1,1
S010,2025-11-24,12,Mathematics,53,1,1
S010,2025-11-24,12,Biology,52,1,1
S011,2025-11-24,12,English,64,1,1
S011,2025-11-24,12,Mathematics,41,1,1
S011,2025-11-24,12,Biology,58,1,1
S012,2025-11-24,12,English,72,1,1
S012,2025-11-24,12,Mathematics,76,1,0
S012,2025-11-24,12,Biology,71,1,1
S013,2025-11-24,12,English,83,1,1
S013,2025-11-24,12,Mathematics,87,1,1
S013,2025-11-24,12,Biology,93,1,1
S014,2025-11-24,12,English,43,1,1
S014,2025-11-24,12,Mathematics,46,1,1
S014,2025-11-24,12,Biology,56,1,1
S015,2025-11-24,12,English,49,1,1
S015,2025-11-24,12,Mathematics,56,1,1
S015,2025-11-24,12,Biology,51,1,1
S016,2025-11-24,12,English,64,1,1
S016,2025-11-24,12,Mathematics,72,1,1
S016,2025-11-24,12,Biology,65,1,1
S017,2025-11-24,12,English,76,1,1
S017,2025-11-24,12,Mathematics,81,1,1
S017,2025-11-24,12,Biology,77,1,1
S018,2025-11-24,12,English,57,1,1
S018,2025-11-24,12,Mathematics,67,1,1
S018,2025-11-24,12,Biology,61,1,0
S019,2025-11-24,12,English,75,1,1
S019,2025-11-24,12,Mathematics,64,1,0
S019,2025-11-24,12,Biology,71,1,1
S020,2025-11-24,12,English,72,1,0
S020,2025-11-24,12,Mathematics,68,1,0
S020,2025-11-24,12,Biology,72,1,1
S021,2025-11-24,12,English,98,1,1
S021,2025-11-24,12,Mathematics,79,1,1
S021,2025-11-24,12,Biology,83,1,1
S022,2025-11-24,12,English,64,1,1
S022,2025-11-24,12,Mathematics,67,1,1
S022,2025-11-24,12,Biology,77,1,1
S023,2025-11-24,12,English,54,1,1
S023,2025-11-24,12,Mathematics,54,1,1
S023,2025-11-24,12,Biology,60,1,1
S024,2025-11-24,12,English,77,1,1
S024,2025-11-24,12,Mathematics,64,1,1
S024,2025-11-24,12,Biology,88,1,0
S025,2025-11-24,12,English,75,1,1
S025,2025-11-24,12,Mathematics,75,1,1
S025,2025-11-24,12,Biology,77,1,1
S026,2025-11-24,12,English,87,1,0
S026,2025-11-24,12,Mathematics,81,1,1
S026,2025-11-24,12,Biology,56,1,1
S027,2025-11-24,12,English,86,1,1
S027,2025-11-24,12,Mathematics,83,1,1
S027,2025-11-24,12,Biology,78,1,1
S028,2025-11-24,12,English,85,1,1
S028,2025-11-24,12,Mathematics,78,1,1
S028,2025-11-24,12,Biology,64,1,1
S029,2025-11-24,12,English,61,1,1
S029,2025-11-24,12,Mathematics,73,1,1
S029,2025-11-24,12,Biology,69,1,1
S030,2025-11-24,12,English,60,1,1
S030,2025-11-24,12,Mathematics,48,1,1
S030,2025-11-24,12,Biology,41,1,1
S031,2025-11-24,12,English,83,1,0
S031,2025-11-24,12,Mathematics,50,1,0
S031,2025-11-24,12,Biology,47,1,1
S032,2025-11-24,12,English,50,1,1
S032,2025-11-24,12,Mathematics,61,1,1
S032,2025-11-24,12,Biology,80,1,1
S033,2025-11-24,12,English,75,1,1
S033,2025-11-24,12,Mathematics,91,1,1
S033,2025-11-24,12,Biology,73,1,1
S034,2025-11-24,12,English,60,1,1
S034,2025-11-24,12,Mathematics,66,1,0
S034,2025-11-24,12,Biology,89,1,1
S035,2025-11-24,12,English,75,1,1
S035,2025-11-24,12,Mathematics,52,1,1
S035,2025-11-24,12,Biology,68,1,1
S036,2025-11-24,12,English,77,1,1
S036,2025-11-24,12,Mathematics,89,1,1
S036,2025-11-24,12,Biology,77,1,0
S037,2025-11-24,12,English,69,1,1
S037,2025-11-24,12,Mathematics,88,1,1
S037,2025-11-24,12,Biology,90,1,1
S038,2025-11-24,12,English,38,1,1
S038,2025-11-24,12,Mathematics,47,1,1
S038,2025-11-24,12,Biology,33,1,0
S039,2025-11-24,12,English,90,1,1
S039,2025-11-24,12,Mathematics,71,1,1
S039,2025-11-24,12,Biology,80,1,1
S040,2025-11-24,12,English,70,1,1
S040,2025-11-24,12,Mathematics,60,1,1
S040,2025-11-24,12,Biology,53,1,1
S041,2025-11-24,12,English,96,1,1
S041,2025-11-24,12,Mathematics,81,1,1
S041,2025-11-24,12,Biology,96,1,1
S042,2025-11-24,12,English,51,1,1
S042,2025-11-24,12,Mathematics,53,1,0
S042,2025-11-24,12,Biology,58,1,1
S043,2025-11-24,12,English,58,1,0
S043,2025-11-24,12,Mathematics,58,1,1
S043,2025-11-24,12,Biology,58,1,1
S044,2025-11-24,12,English,51,1,1
S044,2025-11-24,12,Mathematics,79,1,1
S044,2025-11-24,12,Biology,83,1,1
S045,2025-11-24,12,English,72,1,1
S045,2025-11-24,12,Mathematics,68,1,0
S045,2025-11-24,12,Biology,67,1,1
S046,2025-11-24,12,English,54,1,0
S046,2025-11-24,12,Mathematics,58,1,1
S046,2025-11-24,12,Biology,63,1,1
S047,2025-11-24,12,English,89,1,1
S047,2025-11-24,12,Mathematics,68,1,1
S047,2025-11-24,12,Biology,84,1,1
S048,2025-11-24,12,English,75,1,1
S048,2025-11-24,12,Mathematics,80,1,1
S048,2025-11-24,12,Biology,73,1,0
S049,2025-11-24,12,English,59,1,1
S049,2025-11-24,12,Mathematics,59,1,1
S049,2025-11-24,12,Biology,69,1,1
S050,2025-11-24,12,English,63,1,0
S050,2025-11-24,12,Mathematics,61,1,1
S050,2025-11-24,12,Biology,70,1,1
S001,2025-12-01,13,English,47,1,1
S001,2025-12-01,13,Mathematics,64,1,1
S001,2025-12-01,13,Biology,68,1,0
S002,2025-12-01,13,English,48,1,1
S002,2025-12-01,13,Mathematics,58,1,1
S002,2025-12-01,13,Biology,47,1,0
S003,2025-12-01,13,English,76,1,1
S003,2025-12-01,13,Mathematics,67,1,1
S003,2025-12-01,13,Biology,83,1,1
S004,2025-12-01,13,English,93,1,1
S004,2025-12-01,13,Mathematics,98,1,0
S004,2025-12-01,13,Biology,85,1,1
S005,2025-12-01,13,English,63,1,1
S005,2025-12-01,13,Mathematics,52,1,1
S005,2025-12-01,13,Biology,48,1,1
S006,2025-12-01,13,English,59,1,1
S006,2025-12-01,13,Mathematics,66,1,1
S006,2025-12-01,13,Biology,86,1,1
S007,2025-12-01,13,English,85,1,1
S007,2025-12-01,13,Mathematics,83,1,1
S007,2025-12-01,13,Biology,90,1,1
S008,2025-12-01,13,English,79,1,1
S008,2025-12-01,13,Mathematics,63,1,1
S008,2025-12-01,13,Biology,66,1,1
S009,2025-12-01,13,English,76,1,1
S009,2025-12-01,13,Mathematics,75,1,1
S009,2025-12-01,13,Biology,61,1,1
S010,2025-12-01,13,English,47,1,1
S010,2025-12-01,13,Mathematics,46,1,1
S010,2025-12-01,13,Biology,67,1,1
S011,2025-12-01,13,English,56,1,0
S011,2025-12-01,13,Mathematics,37,1,1
S011,2025-12-01,13,Biology,57,1,1
S012,2025-12-01,13,English,78,1,0
S012,2025-12-01,13,Mathematics,66,1,1
S012,2025-12-01,13,Biology,52,1,1
S013,2025-12-01,13,English,72,1,1
S013,2025-12-01,13,Mathematics,88,1,1
S013,2025-12-01,13,Biology,92,1,0
S014,2025-12-01,13,English,39,1,1
S014,2025-12-01,13,Mathematics,45,1,1
S014,2025-12-01,13,Biology,50,1,1
S015,2025-12-01,13,English,51,1,0
S015,2025-12-01,13,Mathematics,54,1,0
S015,2025-12-01,13,Biology,74,1,1
S016,2025-12-01,13,English,55,1,0
S016,2025-12-01,13,Mathematics,49,1,1
S016,2025-12-01,13,Biology,56,1,0
S017,2025-12-01,13,English,73,1,1
S017,2025-12-01,13,Mathematics,71,1,1
S017,2025-12-01,13,Biology,79,1,1
S018,2025-12-01,13,English,64,1,1
S018,2025-12-01,13,Mathematics,60,1,1
S018,2025-12-01,13,Biology,61,1,1
S019,2025-12-01,13,English,68,1,1
S019,2025-12-01,13,Mathematics,84,1,0
S019,2025-12-01,13,Biology,74,1,1
S020,2025-12-01,13,English,74,1,1
S020,2025-12-01,13,Mathematics,78,1,1
S020,2025-12-01,13,Biology,75,1,1
S021,2025-12-01,13,English,91,1,1
S021,2025-12-01,13,Mathematics,83,1,1
S021,2025-12-01,13,Biology,84,1,1
S022,2025-12-01,13,English,69,1,1
S022,2025-12-01,13,Mathematics,74,1,1
S022,2025-12-01,13,Biology,73,1,1
S023,2025-12-01,13,English,47,1,1
S023,2025-12-01,13,Mathematics,57,1,1
S023,2025-12-01,13,Biology,46,1,1
S024,2025-12-01,13,English,74,1,1
S024,2025-12-01,13,Mathematics,80,1,1
S024,2025-12-01,13,Biology,79,1,0
S025,2025-12-01,13,English,75,1,1
S025,2025-12-01,13,Mathematics,73,1,1
S025,2025-12-01,13,Biology,86,1,1
S026,2025-12-01,13,English,83,1,1
S026,2025-12-01,13,Mathematics,73,1,1
S026,2025-12-01,13,Biology,68,1,1
S027,2025-12-01,13,English,80,1,1
S027,2025-12-01,13,Mathematics,97,1,1
S027,2025-12-01,13,Biology,80,1,1
S028,2025-12-01,13,English,72,1,1
S028,2025-12-01,13,Mathematics,76,1,1
S028,2025-12-01,13,Biology,72,1,1
S029,2025-12-01,13,English,63,1,1
S029,2025-12-01,13,Mathematics,65,1,1
S029,2025-12-01,13,Biology,75,1,0
S030,2025-12-01,13,English,54,1,1
S030,2025-12-01,13,Mathematics,44,1,0
S030,2025-12-01,13,Biology,31,1,1
S031,2025-12-01,13,English,76,1,1
S031,2025-12-01,13,Mathematics,62,1,1
S031,2025-12-01,13,Biology,71,1,1
S032,2025-12-01,13,English,65,1,1
S032,2025-12-01,13,Mathematics,58,1,0
S032,2025-12-01,13,Biology,61,1,1
S033,2025-12-01,13,English,80,1,1
S033,2025-12-01,13,Mathematics,88,1,1
S033,2025-12-01,13,Biology,81,1,1
S034,2025-12-01,13,English,45,1,1
S034,2025-12-01,13,Mathematics,51,1,0
S034,2025-12-01,13,Biology,72,1,0
S035,2025-12-01,13,English,74,1,1
S035,2025-12-01,13,Mathematics,69,1,0
S035,2025-12-01,13,Biology,59,1,1
S036,2025-12-01,13,English,89,1,1
S036,2025-12-01,13,Mathematics,85,1,1
S036,2025-12-01,13,Biology,82,1,1
S037,2025-12-01,13,English,80,1,1
S037,2025-12-01,13,Mathematics,82,1,0
S037,2025-12-01,13,Biology,95,1,1
S038,2025-12-01,13,English,44,1,1
S038,2025-12-01,13,Mathematics,63,1,0
S038,2025-12-01,13,Biology,43,1,1
S039,2025-12-01,13,English,87,1,1
S039,2025-12-01,13,Mathematics,75,1,0
S039,2025-12-01,13,Biology,89,1,1
S040,2025-12-01,13,English,47,1,1
S040,2025-12-01,13,Mathematics,56,1,1
S040,2025-12-01,13,Biology,39,1,1
S041,2025-12-01,13,English,98,1,1
S041,2025-12-01,13,Mathematics,82,1,1
S041,2025-12-01,13,Biology,79,1,1
S042,2025-12-01,13,English,52,1,1
S042,2025-12-01,13,Mathematics,45,1,1
S042,2025-12-01,13,Biology,59,1,1
S043,2025-12-01,13,English,70,1,1
S043,2025-12-01,13,Mathematics,70,1,1
S043,2025-12-01,13,Biology,59,1,1
S044,2025-12-01,13,English,67,1,1
S044,2025-12-01,13,Mathematics,83,1,1
S044,2025-12-01,13,Biology,90,1,1
S045,2025-12-01,13,English,61,1,0
S045,2025-12-01,13,Mathematics,60,1,1
S045,2025-12-01,13,Biology,72,1,0
S046,2025-12-01,13,English,62,1,0
S046,2025-12-01,13,Mathematics,81,1,1
S046,2025-12-01,13,Biology,74,1,1
S047,2025-12-01,13,English,84,1,1
S047,2025-12-01,13,Mathematics,68,1,1
S047,2025-12-01,13,Biology,94,1,1
S048,2025-12-01,13,English,85,1,1
S048,2025-12-01,13,Mathematics,91,1,1
S048,2025-12-01,13,Biology,92,1,0
S049,2025-12-01,13,English,78,1,1
S049,2025-12-01,13,Mathematics,67,1,0
S049,2025-12-01,13,Biology,65,1,1
S050,2025-12-01,13,English,61,1,1
S050,2025-12-01,13,Mathematics,62,1,1
S050,2025-12-01,13,Biology,62,1,0
S001,2025-12-08,14,English,58,1,1
S001,2025-12-08,14,Mathematics,65,1,1
S001,2025-12-08,14,Biology,87,1,1
S002,2025-12-08,14,English,56,1,1
S002,2025-12-08,14,Mathematics,49,1,0
S002,2025-12-08,14,Biology,49,1,0
S003,2025-12-08,14,English,80,1,1
S003,2025-12-08,14,Mathematics,76,1,1
S003,2025-12-08,14,Biology,67,1,1
S004,2025-12-08,14,English,87,1,1
S004,2025-12-08,14,Mathematics,98,1,1
S004,2025-12-08,14,Biology,79,1,1
S005,2025-12-08,14,English,70,1,1
S005,2025-12-08,14,Mathematics,37,1,1
S005,2025-12-08,14,Biology,49,1,1
S006,2025-12-08,14,English,61,1,1
S006,2025-12-08,14,Mathematics,76,1,1
S006,2025-12-08,14,Biology,78,1,1
S007,2025-12-08,14,English,71,1,1
S007,2025-12-08,14,Mathematics,81,1,1
S007,2025-12-08,14,Biology,64,1,1
S008,2025-12-08,14,English,86,1,1
S008,2025-12-08,14,Mathematics,75,1,1
S008,2025-12-08,14,Biology,68,1,1
S009,2025-12-08,14,English,88,1,1
S009,2025-12-08,14,Mathematics,67,1,1
S009,2025-12-08,14,Biology,70,1,1
S010,2025-12-08,14,English,54,1,1
S010,2025-12-08,14,Mathematics,39,1,1
S010,2025-12-08,14,Biology,64,1,1
S011,2025-12-08,14,English,41,1,1
S011,2025-12-08,14,Mathematics,37,1,1
S011,2025-12-08,14,Biology,51,1,1
S012,2025-12-08,14,English,78,1,1
S012,2025-12-08,14,Mathematics,66,1,0
S012,2025-12-08,14,Biology,65,1,1
S013,2025-12-08,14,English,81,1,1
S013,2025-12-08,14,Mathematics,94,1,1
S013,2025-12-08,14,Biology,77,1,1
S014,2025-12-08,14,English,35,1,1
S014,2025-12-08,14,Mathematics,39,1,1
S014,2025-12-08,14,Biology,44,1,1
S015,2025-12-08,14,English,54,1,1
S015,2025-12-08,14,Mathematics,57,1,1
S015,2025-12-08,14,Biology,71,1,1
S016,2025-12-08,14,English,62,1,0
S016,2025-12-08,14,Mathematics,67,1,1
S016,2025-12-08,14,Biology,61,1,1
S017,2025-12-08,14,English,71,1,1
S017,2025-12-08,14,Mathematics,73,1,0
S017,2025-12-08,14,Biology,77,1,1
S018,2025-12-08,14,English,49,1,0
S018,2025-12-08,14,Mathematics,67,1,0
S018,2025-12-08,14,Biology,72,1,1
S019,2025-12-08,14,English,58,1,1
S019,2025-12-08,14,Mathematics,63,1,0
S019,2025-12-08,14,Biology,83,1,1
S020,2025-12-08,14,English,72,1,1
S020,2025-12-08,14,Mathematics,66,1,1
S020,2025-12-08,14,Biology,73,1,1
S021,2025-12-08,14,English,98,1,1
S021,2025-12-08,14,Mathematics,98,1,1
S021,2025-12-08,14,Biology,97,1,1
S022,2025-12-08,14,English,83,1,1
S022,2025-12-08,14,Mathematics,64,1,1
S022,2025-12-08,14,Biology,70,1,1
S023,2025-12-08,14,English,56,1,1
S023,2025-12-08,14,Mathematics,49,1,1
S023,2025-12-08,14,Biology,57,1,1
S024,2025-12-08,14,English,82,1,0
S024,2025-12-08,14,Mathematics,75,1,1
S024,2025-12-08,14,Biology,76,1,1
S025,2025-12-08,14,English,65,1,1
S025,2025-12-08,14,Mathematics,77,1,0
S025,2025-12-08,14,Biology,94,1,1
S026,2025-12-08,14,English,88,1,1
S026,2025-12-08,14,Mathematics,74,1,1
S026,2025-12-08,14,Biology,65,1,0
S027,2025-12-08,14,English,86,1,0
S027,2025-12-08,14,Mathematics,86,1,1
S027,2025-12-08,14,Biology,87,1,1
S028,2025-12-08,14,English,70,1,1
S028,2025-12-08,14,Mathematics,77,1,1
S028,2025-12-08,14,Biology,56,1,1
S029,2025-12-08,14,English,61,1,1
S029,2025-12-08,14,Mathematics,80,1,1
S029,2025-12-08,14,Biology,82,1,0
S030,2025-12-08,14,English,63,1,0
S030,2025-12-08,14,Mathematics,46,1,1
S030,2025-12-08,14,Biology,72,1,1
S031,2025-12-08,14,English,58,1,1
S031,2025-12-08,14,Mathematics,61,1,1
S031,2025-12-08,14,Biology,59,1,1
S032,2025-12-08,14,English,54,1,1
S032,2025-12-08,14,Mathematics,51,1,1
S032,2025-12-08,14,Biology,70,1,1
S033,2025-12-08,14,English,91,1,1
S033,2025-12-08,14,Mathematics,77,1,1
S033,2025-12-08,14,Biology,56,1,0
S034,2025-12-08,14,English,47,1,1
S034,2025-12-08,14,Mathematics,80,1,1
S034,2025-12-08,14,Biology,69,1,1
S035,2025-12-08,14,English,65,1,1
S035,2025-12-08,14,Mathematics,64,1,1
S035,2025-12-08,14,Biology,59,1,1
S036,2025-12-08,14,English,88,1,1
S036,2025-12-08,14,Mathematics,70,1,1
S036,2025-12-08,14,Biology,77,1,1
S037,2025-12-08,14,English,83,1,1
S037,2025-12-08,14,Mathematics,91,1,1
S037,2025-12-08,14,Biology,90,1,1
S038,2025-12-08,14,English,47,1,1
S038,2025-12-08,14,Mathematics,55,1,0
S038,2025-12-08,14,Biology,37,1,1
S039,2025-12-08,14,English,87,1,1
S039,2025-12-08,14,Mathematics,67,1,1
S039,2025-12-08,14,Biology,80,1,1
S040,2025-12-08,14,English,51,1,1
S040,2025-12-08,14,Mathematics,43,1,0
S040,2025-12-08,14,Biology,48,1,1
S041,2025-12-08,14,English,98,1,1
S041,2025-12-08,14,Mathematics,90,1,1
S041,2025-12-08,14,Biology,96,1,1
S042,2025-12-08,14,English,56,1,1
S042,2025-12-08,14,Mathematics,56,1,0
S042,2025-12-08,14,Biology,34,1,0
S043,2025-12-08,14,English,58,1,0
S043,2025-12-08,14,Mathematics,81,1,1
S043,2025-12-08,14,Biology,60,1,1
S044,2025-12-08,14,English,71,1,1
S044,2025-12-08,14,Mathematics,90,1,1
S044,2025-12-08,14,Biology,92,1,1
S045,2025-12-08,14,English,71,1,1
S045,2025-12-08,14,Mathematics,52,1,1
S045,2025-12-08,14,Biology,69,1,1
S046,2025-12-08,14,English,72,1,0
S046,2025-12-08,14,Mathematics,80,1,1
S046,2025-12-08,14,Biology,76,1,1
S047,2025-12-08,14,English,88,1,0
S047,2025-12-08,14,Mathematics,73,1,1
S047,2025-12-08,14,Biology,78,1,1
S048,2025-12-08,14,English,71,1,1
S048,2025-12-08,14,Mathematics,89,1,1
S048,2025-12-08,14,Biology,82,1,1
S049,2025-12-08,14,English,74,1,1
S049,2025-12-08,14,Mathematics,83,1,1
S049,2025-12-08,14,Biology,64,1,1
S050,2025-12-08,14,English,53,1,1
S050,2025-12-08,14,Mathematics,57,1,1
S050,2025-12-08,14,Biology,66,1,1
S001,2025-12-15,15,English,66,1,1
S001,2025-12-15,15,Mathematics,66,1,1
S001,2025-12-15,15,Biology,65,1,1
S002,2025-12-15,15,English,48,1,1
S002,2025-12-15,15,Mathematics,52,1,1
S002,2025-12-15,15,Biology,47,1,1
S003,2025-12-15,15,English,72,1,1
S003,2025-12-15,15,Mathematics,69,1,1
S003,2025-12-15,15,Biology,82,1,1
S004,2025-12-15,15,English,77,1,1
S004,2025-12-15,15,Mathematics,98,1,1
S004,2025-12-15,15,Biology,87,1,1
S005,2025-12-15,15,English,70,1,1
S005,2025-12-15,15,Mathematics,30,1,1
S005,2025-12-15,15,Biology,58,1,1
S006,2025-12-15,15,English,65,1,1
S006,2025-12-15,15,Mathematics,73,1,1
S006,2025-12-15,15,Biology,83,1,1
S007,2025-12-15,15,English,74,1,1
S007,2025-12-15,15,Mathematics,81,1,1
S007,2025-12-15,15,Biology,77,1,0
S008,2025-12-15,15,English,86,1,1
S008,2025-12-15,15,Mathematics,61,1,1
S008,2025-12-15,15,Biology,62,1,1
S009,2025-12-15,15,English,78,1,1
S009,2025-12-15,15,Mathematics,61,1,1
S009,2025-12-15,15,Biology,57,1,1
S010,2025-12-15,15,English,58,1,1
S010,2025-12-15,15,Mathematics,46,1,1
S010,2025-12-15,15,Biology,56,1,1
S011,2025-12-15,15,English,75,1,1
S011,2025-12-15,15,Mathematics,32,1,0
S011,2025-12-15,15,Biology,62,1,1
S012,2025-12-15,15,English,80,1,1
S012,2025-12-15,15,Mathematics,56,1,1
S012,2025-12-15,15,Biology,59,1,1
S013,2025-12-15,15,English,77,1,0
S013,2025-12-15,15,Mathematics,89,1,1
S013,2025-12-15,15,Biology,67,1,1
S014,2025-12-15,15,English,44,1,1
S014,2025-12-15,15,Mathematics,48,1,1
S014,2025-12-15,15,Biology,41,1,1
S015,2025-12-15,15,English,59,1,1
S015,2025-12-15,15,Mathematics,76,1,1
S015,2025-12-15,15,Biology,52,1,1
S016,2025-12-15,15,English,60,1,1
S016,2025-12-15,15,Mathematics,71,1,1
S016,2025-12-15,15,Biology,64,1,1
S017,2025-12-15,15,English,73,1,1
S017,2025-12-15,15,Mathematics,79,1,1
S017,2025-12-15,15,Biology,70,1,1
S018,2025-12-15,15,English,65,1,1
S018,2025-12-15,15,Mathematics,62,1,1
S018,2025-12-15,15,Biology,74,1,0
S019,2025-12-15,15,English,56,1,1
S019,2025-12-15,15,Mathematics,61,1,0
S019,2025-12-15,15,Biology,60,1,1
S020,2025-12-15,15,English,82,1,1
S020,2025-12-15,15,Mathematics,86,1,1
S020,2025-12-15,15,Biology,85,1,1
S021,2025-12-15,15,English,83,1,1
S021,2025-12-15,15,Mathematics,75,1,1
S021,2025-12-15,15,Biology,81,1,0
S022,2025-12-15,15,English,81,1,1
S022,2025-12-15,15,Mathematics,67,1,1
S022,2025-12-15,15,Biology,71,1,1
S023,2025-12-15,15,English,60,1,1
S023,2025-12-15,15,Mathematics,62,1,1
S023,2025-12-15,15,Biology,76,1,0
S024,2025-12-15,15,English,92,1,1
S024,2025-12-15,15,Mathematics,64,1,0
S024,2025-12-15,15,Biology,78,1,1
S025,2025-12-15,15,English,68,1,0
S025,2025-12-15,15,Mathematics,69,1,1
S025,2025-12-15,15,Biology,80,1,1
S026,2025-12-15,15,English,95,1,1
S026,2025-12-15,15,Mathematics,79,1,1
S026,2025-12-15,15,Biology,63,1,1
S027,2025-12-15,15,English,80,1,1
S027,2025-12-15,15,Mathematics,96,1,1
S027,2025-12-15,15,Biology,81,1,1
S028,2025-12-15,15,English,72,1,1
S028,2025-12-15,15,Mathematics,62,1,1
S028,2025-12-15,15,Biology,65,1,1
S029,2025-12-15,15,English,70,1,1
S029,2025-12-15,15,Mathematics,86,1,1
S029,2025-12-15,15,Biology,61,1,1
S030,2025-12-15,15,English,54,1,1
S030,2025-12-15,15,Mathematics,38,1,0
S030,2025-12-15,15,Biology,46,1,0
S031,2025-12-15,15,English,73,1,0
S031,2025-12-15,15,Mathematics,49,1,1
S031,2025-12-15,15,Biology,61,1,1
S032,2025-12-15,15,English,54,1,1
S032,2025-12-15,15,Mathematics,63,1,1
S032,2025-12-15,15,Biology,68,1,1
S033,2025-12-15,15,English,82,1,1
S033,2025-12-15,15,Mathematics,95,1,1
S033,2025-12-15,15,Biology,78,1,1
S034,2025-12-15,15,English,48,1,1
S034,2025-12-15,15,Mathematics,57,1,0
S034,2025-12-15,15,Biology,73,1,0
S035,2025-12-15,15,English,63,1,1
S035,2025-12-15,15,Mathematics,51,1,1
S035,2025-12-15,15,Biology,63,1,1
S036,2025-12-15,15,English,77,1,1
S036,2025-12-15,15,Mathematics,88,1,1
S036,2025-12-15,15,Biology,82,1,1
S037,2025-12-15,15,English,84,1,1
S037,2025-12-15,15,Mathematics,98,1,1
S037,2025-12-15,15,Biology,97,1,1
S038,2025-12-15,15,English,51,1,1
S038,2025-12-15,15,Mathematics,57,1,1
S038,2025-12-15,15,Biology,43,1,1
S039,2025-12-15,15,English,91,1,1
S039,2025-12-15,15,Mathematics,73,1,1
S039,2025-12-15,15,Biology,86,1,1
S040,2025-12-15,15,English,56,1,1
S040,2025-12-15,15,Mathematics,60,1,1
S040,2025-12-15,15,Biology,37,1,1
S041,2025-12-15,15,English,98,1,1
S041,2025-12-15,15,Mathematics,78,1,1
S041,2025-12-15,15,Biology,98,1,1
S042,2025-12-15,15,English,43,1,1
S042,2025-12-15,15,Mathematics,69,1,0
S042,2025-12-15,15,Biology,56,1,1
S043,2025-12-15,15,English,60,1,1
S043,2025-12-15,15,Mathematics,77,1,1
S043,2025-12-15,15,Biology,65,1,1
S044,2025-12-15,15,English,56,1,1
S044,2025-12-15,15,Mathematics,91,1,1
S044,2025-12-15,15,Biology,88,1,1
S045,2025-12-15,15,English,64,1,1
S045,2025-12-15,15,Mathematics,57,1,1
S045,2025-12-15,15,Biology,68,1,1
S046,2025-12-15,15,English,71,1,1
S046,2025-12-15,15,Mathematics,60,1,1
S046,2025-12-15,15,Biology,64,1,1
S047,2025-12-15,15,English,87,1,1
S047,2025-12-15,15,Mathematics,66,1,1
S047,2025-12-15,15,Biology,71,1,1
S048,2025-12-15,15,English,82,1,1
S048,2025-12-15,15,Mathematics,77,1,1
S048,2025-12-15,15,Biology,94,1,1
S049,2025-12-15,15,English,54,1,1
S049,2025-12-15,15,Mathematics,76,1,1
S049,2025-12-15,15,Biology,67,1,1
S050,2025-12-15,15,English,58,1,1
S050,2025-12-15,15,Mathematics,48,1,1
S050,2025-12-15,15,Biology,55,1,1
S001,2025-12-22,16,English,55,1,1
S001,2025-12-22,16,Mathematics,78,1,1
S001,2025-12-22,16,Biology,74,1,1
S002,2025-12-22,16,English,62,1,1
S002,2025-12-22,16,Mathematics,63,1,1
S002,2025-12-22,16,Biology,51,1,1
S003,2025-12-22,16,English,67,1,1
S003,2025-12-22,16,Mathematics,83,1,1
S003,2025-12-22,16,Biology,68,1,1
S004,2025-12-22,16,English,85,1,1
S004,2025-12-22,16,Mathematics,82,1,1
S004,2025-12-22,16,Biology,73,1,1
S005,2025-12-22,16,English,79,1,1
S005,2025-12-22,16,Mathematics,47,1,1
S005,2025-12-22,16,Biology,73,1,1
S006,2025-12-22,16,English,48,1,1
S006,2025-12-22,16,Mathematics,71,1,1
S006,2025-12-22,16,Biology,67,1,1
S007,2025-12-22,16,English,73,1,1
S007,2025-12-22,16,Mathematics,82,1,1
S007,2025-12-22,16,Biology,63,1,1
S008,2025-12-22,16,English,78,1,1
S008,2025-12-22,16,Mathematics,44,1,1
S008,2025-12-22,16,Biology,43,1,0
S009,2025-12-22,16,English,67,1,1
S009,2025-12-22,16,Mathematics,64,1,0
S009,2025-12-22,16,Biology,68,1,1
S010,2025-12-22,16,English,65,1,1
S010,2025-12-22,16,Mathematics,42,1,1
S010,2025-12-22,16,Biology,67,1,1
S011,2025-12-22,16,English,64,1,0
S011,2025-12-22,16,Mathematics,48,1,0
S011,2025-12-22,16,Biology,53,1,1
S012,2025-12-22,16,English,80,1,0
S012,2025-12-22,16,Mathematics,65,1,1
S012,2025-12-22,16,Biology,56,1,1
S013,2025-12-22,16,English,77,1,1
S013,2025-12-22,16,Mathematics,82,1,0
S013,2025-12-22,16,Biology,87,1,1
S014,2025-12-22,16,English,40,1,1
S014,2025-12-22,16,Mathematics,34,1,1
S014,2025-12-22,16,Biology,44,1,1
S015,2025-12-22,16,English,56,1,1
S015,2025-12-22,16,Mathematics,64,1,1
S015,2025-12-22,16,Biology,49,1,0
S016,2025-12-22,16,English,63,1,1
S016,2025-12-22,16,Mathematics,62,1,1
S016,2025-12-22,16,Biology,50,1,1
S017,2025-12-22,16,English,69,1,1
S017,2025-12-22,16,Mathematics,69,1,1
S017,2025-12-22,16,Biology,70,1,0
S018,2025-12-22,16,English,53,1,1
S018,2025-12-22,16,Mathematics,71,1,1
S018,2025-12-22,16,Biology,69,1,1
S019,2025-12-22,16,English,66,1,1
S019,2025-12-22,16,Mathematics,76,1,1
S019,2025-12-22,16,Biology,58,1,1
S020,2025-12-22,16,English,60,1,1
S020,2025-12-22,16,Mathematics,59,1,1
S020,2025-12-22,16,Biology,78,1,1
S021,2025-12-22,16,English,98,1,1
S021,2025-12-22,16,Mathematics,73,1,1
S021,2025-12-22,16,Biology,98,1,1
S022,2025-12-22,16,English,76,1,1
S022,2025-12-22,16,Mathematics,59,1,1
S022,2025-12-22,16,Biology,79,1,1
S023,2025-12-22,16,English,54,1,0
S023,2025-12-22,16,Mathematics,58,1,1
S023,2025-12-22,16,Biology,66,1,1
S024,2025-12-22,16,English,83,1,1
S024,2025-12-22,16,Mathematics,67,1,1
S024,2025-12-22,16,Biology,80,1,1
S025,2025-12-22,16,English,73,1,1
S025,2025-12-22,16,Mathematics,72,1,1
S025,2025-12-22,16,Biology,71,1,1
S026,2025-12-22,16,English,80,1,1
S026,2025-12-22,16,Mathematics,72,1,1
S026,2025-12-22,16,Biology,69,1,1
S027,2025-12-22,16,English,82,1,1
S027,2025-12-22,16,Mathematics,88,1,1
S027,2025-12-22,16,Biology,74,1,0
S028,2025-12-22,16,English,75,1,1
S028,2025-12-22,16,Mathematics,66,1,1
S028,2025-12-22,16,Biology,60,1,1
S029,2025-12-22,16,English,74,1,0
S029,2025-12-22,16,Mathematics,77,1,0
S029,2025-12-22,16,Biology,76,1,1
S030,2025-12-22,16,English,59,1,1
S030,2025-12-22,16,Mathematics,42,1,1
S030,2025-12-22,16,Biology,55,1,1
S031,2025-12-22,16,English,66,1,1
S031,2025-12-22,16,Mathematics,39,1,1
S031,2025-12-22,16,Biology,72,1,1
S032,2025-12-22,16,English,56,1,1
S032,2025-12-22,16,Mathematics,60,1,1
S032,2025-12-22,16,Biology,67,1,1
S033,2025-12-22,16,English,70,1,1
S033,2025-12-22,16,Mathematics,86,1,1
S033,2025-12-22,16,Biology,76,1,1
S034,2025-12-22,16,English,49,1,1
S034,2025-12-22,16,Mathematics,66,1,1
S034,2025-12-22,16,Biology,81,1,1
S035,2025-12-22,16,English,81,1,1
S035,2025-12-22,16,Mathematics,66,1,1
S035,2025-12-22,16,Biology,58,1,1
S036,2025-12-22,16,English,87,1,1
S036,2025-12-22,16,Mathematics,79,1,1
S036,2025-12-22,16,Biology,74,1,1
S037,2025-12-22,16,English,78,1,1
S037,2025-12-22,16,Mathematics,96,1,1
S037,2025-12-22,16,Biology,86,1,1
S038,2025-12-22,16,English,48,1,1
S038,2025-12-22,16,Mathematics,59,1,0
S038,2025-12-22,16,Biology,44,1,0
S039,2025-12-22,16,English,86,1,1
S039,2025-12-22,16,Mathematics,73,1,1
S039,2025-12-22,16,Biology,82,1,1
S040,2025-12-22,16,English,52,1,1
S040,2025-12-22,16,Mathematics,58,1,1
S040,2025-12-22,16,Biology,57,1,1
S041,2025-12-22,16,English,95,1,1
S041,2025-12-22,16,Mathematics,94,1,1
S041,2025-12-22,16,Biology,67,1,1
S042,2025-12-22,16,English,41,1,0
S042,2025-12-22,16,Mathematics,52,1,1
S042,2025-12-22,16,Biology,55,1,0
S043,2025-12-22,16,English,49,1,0
S043,2025-12-22,16,Mathematics,61,1,1
S043,2025-12-22,16,Biology,65,1,1
S044,2025-12-22,16,English,68,1,1
S044,2025-12-22,16,Mathematics,88,1,1
S044,2025-12-22,16,Biology,94,1,1
S045,2025-12-22,16,English,73,1,0
S045,2025-12-22,16,Mathematics,51,1,1
S045,2025-12-22,16,Biology,61,1,1
S046,2025-12-22,16,English,70,1,1
S046,2025-12-22,16,Mathematics,78,1,0
S046,2025-12-22,16,Biology,81,1,0
S047,2025-12-22,16,English,98,1,1
S047,2025-12-22,16,Mathematics,82,1,1
S047,2025-12-22,16,Biology,81,1,1
S048,2025-12-22,16,English,80,1,1
S048,2025-12-22,16,Mathematics,81,1,1
S048,2025-12-22,16,Biology,79,1,1
S049,2025-12-22,16,English,64,1,1
S049,2025-12-22,16,Mathematics,78,1,1
S049,2025-12-22,16,Biology,69,1,0
S050,2025-12-22,16,English,47,1,1
S050,2025-12-22,16,Mathematics,64,1,1
S050,2025-12-22,16,Biology,49,1,1
S001,2025-12-29,17,English,76,1,1
S001,2025-12-29,17,Mathematics,69,1,1
S001,2025-12-29,17,Biology,68,1,1
S002,2025-12-29,17,English,60,1,1
S002,2025-12-29,17,Mathematics,59,1,1
S002,2025-12-29,17,Biology,51,1,0
S003,2025-12-29,17,English,68,1,1
S003,2025-12-29,17,Mathematics,70,1,1
S003,2025-12-29,17,Biology,64,1,1
S004,2025-12-29,17,English,92,1,1
S004,2025-12-29,17,Mathematics,98,1,1
S004,2025-12-29,17,Biology,91,1,0
S005,2025-12-29,17,English,58,1,1
S005,2025-12-29,17,Mathematics,58,1,1
S005,2025-12-29,17,Biology,54,1,1
S006,2025-12-29,17,English,49,1,1
S006,2025-12-29,17,Mathematics,75,1,1
S006,2025-12-29,17,Biology,79,1,1
S007,2025-12-29,17,English,71,1,1
S007,2025-12-29,17,Mathematics,81,1,1
S007,2025-12-29,17,Biology,75,1,1
S008,2025-12-29,17,English,78,1,1
S008,2025-12-29,17,Mathematics,77,1,1
S008,2025-12-29,17,Biology,61,1,1
S009,2025-12-29,17,English,64,1,1
S009,2025-12-29,17,Mathematics,68,1,1
S009,2025-12-29,17,Biology,58,1,1
S010,2025-12-29,17,English,58,1,1
S010,2025-12-29,17,Mathematics,51,1,1
S010,2025-12-29,17,Biology,47,1,1
S011,2025-12-29,17,English,53,1,1
S011,2025-12-29,17,Mathematics,33,1,1
S011,2025-12-29,17,Biology,34,1,1
S012,2025-12-29,17,English,78,1,1
S012,2025-12-29,17,Mathematics,74,1,1
S012,2025-12-29,17,Biology,61,1,1
S013,2025-12-29,17,English,82,1,1
S013,2025-12-29,17,Mathematics,98,1,1
S013,2025-12-29,17,Biology,85,1,1
S014,2025-12-29,17,English,31,1,1
S014,2025-12-29,17,Mathematics,40,1,0
S014,2025-12-29,17,Biology,45,1,1
S015,2025-12-29,17,English,51,1,1
S015,2025-12-29,17,Mathematics,70,1,1
S015,2025-12-29,17,Biology,51,1,0
S016,2025-12-29,17,English,64,1,1
S016,2025-12-29,17,Mathematics,87,1,1
S016,2025-12-29,17,Biology,67,1,1
S017,2025-12-29,17,English,77,1,1
S017,2025-12-29,17,Mathematics,86,1,1
S017,2025-12-29,17,Biology,81,1,1
S018,2025-12-29,17,English,63,1,1
S018,2025-12-29,17,Mathematics,54,1,0
S018,2025-12-29,17,Biology,67,1,0
S019,2025-12-29,17,English,54,1,1
S019,2025-12-29,17,Mathematics,77,1,1
S019,2025-12-29,17,Biology,74,1,1
S020,2025-12-29,17,English,70,1,0
S020,2025-12-29,17,Mathematics,67,1,1
S020,2025-12-29,17,Biology,89,1,1
S021,2025-12-29,17,English,98,1,1
S021,2025-12-29,17,Mathematics,90,1,1
S021,2025-12-29,17,Biology,95,1,1
S022,2025-12-29,17,English,62,1,1
S022,2025-12-29,17,Mathematics,67,1,1
S022,2025-12-29,17,Biology,72,1,0
S023,2025-12-29,17,English,52,1,1
S023,2025-12-29,17,Mathematics,42,1,1
S023,2025-12-29,17,Biology,63,1,1
S024,2025-12-29,17,English,69,1,1
S024,2025-12-29,17,Mathematics,74,1,1
S024,2025-12-29,17,Biology,87,1,1
S025,2025-12-29,17,English,78,1,1
S025,2025-12-29,17,Mathematics,63,1,1
S025,2025-12-29,17,Biology,79,1,1
S026,2025-12-29,17,English,98,1,1
S026,2025-12-29,17,Mathematics,80,1,1
S026,2025-12-29,17,Biology,64,1,1
S027,2025-12-29,17,English,94,1,1
S027,2025-12-29,17,Mathematics,89,1,1
S027,2025-12-29,17,Biology,67,1,1
S028,2025-12-29,17,English,70,1,1
S028,2025-12-29,17,Mathematics,82,1,1
S028,2025-12-29,17,Biology,64,1,1
S029,2025-12-29,17,English,68,1,1
S029,2025-12-29,17,Mathematics,61,1,1
S029,2025-12-29,17,Biology,74,1,1
S030,2025-12-29,17,English,54,1,1
S030,2025-12-29,17,Mathematics,32,1,1
S030,2025-12-29,17,Biology,50,1,1
S031,2025-12-29,17,English,56,1,1
S031,2025-12-29,17,Mathematics,64,1,0
S031,2025-12-29,17,Biology,67,1,1
S032,2025-12-29,17,English,36,1,1
S032,2025-12-29,17,Mathematics,51,1,1
S032,2025-12-29,17,Biology,72,1,1
S033,2025-12-29,17,English,68,1,1
S033,2025-12-29,17,Mathematics,98,1,1
S033,2025-12-29,17,Biology,73,1,1
S034,2025-12-29,17,English,56,1,1
S034,2025-12-29,17,Mathematics,57,1,0
S034,2025-12-29,17,Biology,64,1,1
S035,2025-12-29,17,English,68,1,1
S035,2025-12-29,17,Mathematics,60,1,0
S035,2025-12-29,17,Biology,60,1,1
S036,2025-12-29,17,English,97,1,1
S036,2025-12-29,17,Mathematics,79,1,1
S036,2025-12-29,17,Biology,79,1,1
S037,2025-12-29,17,English,74,1,1
S037,2025-12-29,17,Mathematics,87,1,1
S037,2025-12-29,17,Biology,88,1,1
S038,2025-12-29,17,English,56,1,1
S038,2025-12-29,17,Mathematics,53,1,1
S038,2025-12-29,17,Biology,45,1,1
S039,2025-12-29,17,English,92,1,1
S039,2025-12-29,17,Mathematics,80,1,1
S039,2025-12-29,17,Biology,80,1,1
S040,2025-12-29,17,English,42,1,1
S040,2025-12-29,17,Mathematics,55,1,1
S040,2025-12-29,17,Biology,57,1,1
S041,2025-12-29,17,English,98,1,1
S041,2025-12-29,17,Mathematics,75,1,1
S041,2025-12-29,17,Biology,68,1,1
S042,2025-12-29,17,English,55,1,1
S042,2025-12-29,17,Mathematics,57,1,1
S042,2025-12-29,17,Biology,49,1,1
S043,2025-12-29,17,English,53,1,1
S043,2025-12-29,17,Mathematics,53,1,1
S043,2025-12-29,17,Biology,58,1,1
S044,2025-12-29,17,English,62,1,1
S044,2025-12-29,17,Mathematics,77,1,1
S044,2025-12-29,17,Biology,93,1,1
S045,2025-12-29,17,English,59,1,1
S045,2025-12-29,17,Mathematics,48,1,0
S045,2025-12-29,17,Biology,70,1,1
S046,2025-12-29,17,English,72,1,1
S046,2025-12-29,17,Mathematics,58,1,1
S046,2025-12-29,17,Biology,61,1,1
S047,2025-12-29,17,English,91,1,1
S047,2025-12-29,17,Mathematics,88,1,1
S047,2025-12-29,17,Biology,87,1,1
S048,2025-12-29,17,English,86,1,0
S048,2025-12-29,17,Mathematics,86,1,1
S048,2025-12-29,17,Biology,79,1,1
S049,2025-12-29,17,English,59,1,0
S049,2025-12-29,17,Mathematics,85,1,1
S049,2025-12-29,17,Biology,77,1,1
S050,2025-12-29,17,English,70,1,1
S050,2025-12-29,17,Mathematics,61,1,1
S050,2025-12-29,17,Biology,60,1,1
S001,2026-01-05,18,English,50,1,1
S001,2026-01-05,18,Mathematics,66,1,1
S001,2026-01-05,18,Biology,64,1,1
S002,2026-01-05,18,English,52,1,1
S002,2026-01-05,18,Mathematics,63,1,1
S002,2026-01-05,18,Biology,40,1,1
S003,2026-01-05,18,English,85,1,1
S003,2026-01-05,18,Mathematics,76,1,1
S003,2026-01-05,18,Biology,71,1,1
S004,2026-01-05,18,English,87,1,1
S004,2026-01-05,18,Mathematics,86,1,1
S004,2026-01-05,18,Biology,69,1,1
S005,2026-01-05,18,English,73,1,1
S005,2026-01-05,18,Mathematics,49,1,1
S005,2026-01-05,18,Biology,56,1,1
S006,2026-01-05,18,English,68,1,1
S006,2026-01-05,18,Mathematics,72,1,1
S006,2026-01-05,18,Biology,87,1,1
S007,2026-01-05,18,English,74,1,1
S007,2026-01-05,18,Mathematics,85,1,1
S007,2026-01-05,18,Biology,88,1,1
S008,2026-01-05,18,English,75,1,1
S008,2026-01-05,18,Mathematics,73,1,1
S008,2026-01-05,18,Biology,59,1,0
S009,2026-01-05,18,English,72,1,1
S009,2026-01-05,18,Mathematics,74,1,1
S009,2026-01-05,18,Biology,62,1,1
S010,2026-01-05,18,English,69,1,1
S010,2026-01-05,18,Mathematics,43,1,1
S010,2026-01-05,18,Biology,61,1,1
S011,2026-01-05,18,English,63,1,1
S011,2026-01-05,18,Mathematics,30,1,1
S011,2026-01-05,18,Biology,54,1,0
S012,2026-01-05,18,English,71,1,1
S012,2026-01-05,18,Mathematics,43,1,1
S012,2026-01-05,18,Biology,66,1,1
S013,2026-01-05,18,English,80,1,1
S013,2026-01-05,18,Mathematics,95,1,1
S013,2026-01-05,18,Biology,78,1,1
S014,2026-01-05,18,English,54,1,0
S014,2026-01-05,18,Mathematics,51,1,1
S014,2026-01-05,18,Biology,46,1,1
S015,2026-01-05,18,English,67,1,1
S015,2026-01-05,18,Mathematics,51,1,1
S015,2026-01-05,18,Biology,53,1,1
S016,2026-01-05,18,English,74,1,1
S016,2026-01-05,18,Mathematics,69,1,1
S016,2026-01-05,18,Biology,53,1,1
S017,2026-01-05,18,English,82,1,1
S017,2026-01-05,18,Mathematics,68,1,1
S017,2026-01-05,18,Biology,97,1,1
S018,2026-01-05,18,English,79,1,1
S018,2026-01-05,18,Mathematics,69,1,0
S018,2026-01-05,18,Biology,69,1,1
S019,2026-01-05,18,English,61,1,1
S019,2026-01-05,18,Mathematics,67,1,1
S019,2026-01-05,18,Biology,67,1,1
S020,2026-01-05,18,English,73,1,1
S020,2026-01-05,18,Mathematics,73,1,1
S020,2026-01-05,18,Biology,73,1,1
S021,2026-01-05,18,English,98,1,1
S021,2026-01-05,18,Mathematics,80,1,1
S021,2026-01-05,18,Biology,90,1,1
S022,2026-01-05,18,English,65,1,1
S022,2026-01-05,18,Mathematics,69,1,1
S022,2026-01-05,18,Biology,68,1,1
S023,2026-01-05,18,English,56,1,1
S023,2026-01-05,18,Mathematics,53,1,1
S023,2026-01-05,18,Biology,74,1,1
S024,2026-01-05,18,English,76,1,0
S024,2026-01-05,18,Mathematics,66,1,1
S024,2026-01-05,18,Biology,72,1,1
S025,2026-01-05,18,English,73,1,1
S025,2026-01-05,18,Mathematics,88,1,0
S025,2026-01-05,18,Biology,81,1,1
S026,2026-01-05,18,English,89,1,1
S026,2026-01-05,18,Mathematics,75,1,1
S026,2026-01-05,18,Biology,75,1,1
S027,2026-01-05,18,English,95,1,1
S027,2026-01-05,18,Mathematics,98,1,1
S027,2026-01-05,18,Biology,78,1,1
S028,2026-01-05,18,English,66,1,1
S028,2026-01-05,18,Mathematics,90,1,1
S028,2026-01-05,18,Biology,62,1,1
S029,2026-01-05,18,English,80,1,1
S029,2026-01-05,18,Mathematics,71,1,1
S029,2026-01-05,18,Biology,69,1,1
S030,2026-01-05,18,English,53,1,1
S030,2026-01-05,18,Mathematics,30,1,1
S030,2026-01-05,18,Biology,53,1,1
S031,2026-01-05,18,English,82,1,1
S031,2026-01-05,18,Mathematics,68,1,1
S031,2026-01-05,18,Biology,60,1,1
S032,2026-01-05,18,English,48,1,1
S032,2026-01-05,18,Mathematics,39,1,1
S032,2026-01-05,18,Biology,65,1,1
S033,2026-01-05,18,English,69,1,1
S033,2026-01-05,18,Mathematics,88,1,1
S033,2026-01-05,18,Biology,72,1,1
S034,2026-01-05,18,English,41,1,1
S034,2026-01-05,18,Mathematics,50,1,1
S034,2026-01-05,18,Biology,77,1,0
S035,2026-01-05,18,English,50,1,1
S035,2026-01-05,18,Mathematics,64,1,1
S035,2026-01-05,18,Biology,60,1,1
S036,2026-01-05,18,English,95,1,1
S036,2026-01-05,18,Mathematics,86,1,0
S036,2026-01-05,18,Biology,65,1,1
S037,2026-01-05,18,English,74,1,0
S037,2026-01-05,18,Mathematics,97,1,1
S037,2026-01-05,18,Biology,91,1,1
S038,2026-01-05,18,English,49,1,1
S038,2026-01-05,18,Mathematics,48,1,1
S038,2026-01-05,18,Biology,56,1,1
S039,2026-01-05,18,English,91,1,1
S039,2026-01-05,18,Mathematics,88,1,1
S039,2026-01-05,18,Biology,86,1,1
S040,2026-01-05,18,English,51,1,1
S040,2026-01-05,18,Mathematics,46,1,1
S040,2026-01-05,18,Biology,43,1,1
S041,2026-01-05,18,English,96,1,1
S041,2026-01-05,18,Mathematics,93,1,1
S041,2026-01-05,18,Biology,98,1,1
S042,2026-01-05,18,English,47,1,1
S042,2026-01-05,18,Mathematics,53,1,0
S042,2026-01-05,18,Biology,49,1,1
S043,2026-01-05,18,English,60,1,0
S043,2026-01-05,18,Mathematics,58,1,1
S043,2026-01-05,18,Biology,75,1,1
S044,2026-01-05,18,English,80,1,1
S044,2026-01-05,18,Mathematics,90,1,1
S044,2026-01-05,18,Biology,77,1,1
S045,2026-01-05,18,English,75,1,1
S045,2026-01-05,18,Mathematics,45,1,1
S045,2026-01-05,18,Biology,69,1,1
S046,2026-01-05,18,English,65,1,1
S046,2026-01-05,18,Mathematics,57,1,1
S046,2026-01-05,18,Biology,71,1,1
S047,2026-01-05,18,English,87,1,1
S047,2026-01-05,18,Mathematics,74,1,1
S047,2026-01-05,18,Biology,90,1,1
S048,2026-01-05,18,English,75,1,0
S048,2026-01-05,18,Mathematics,78,1,1
S048,2026-01-05,18,Biology,85,1,1
S049,2026-01-05,18,English,74,1,1
S049,2026-01-05,18,Mathematics,66,1,1
S049,2026-01-05,18,Biology,63,1,1
S050,2026-01-05,18,English,66,1,1
S050,2026-01-05,18,Mathematics,76,1,1
S050,2026-01-05,18,Biology,59,1,1
S001,2026-01-12,19,English,79,1,1
S001,2026-01-12,19,Mathematics,79,1,1
S001,2026-01-12,19,Biology,51,1,1
S002,2026-01-12,19,English,52,1,1
S002,2026-01-12,19,Mathematics,60,1,1
S002,2026-01-12,19,Biology,43,1,1
S003,2026-01-12,19,English,82,1,1
S003,2026-01-12,19,Mathematics,60,1,1
S003,2026-01-12,19,Biology,85,1,1
S004,2026-01-12,19,English,85,1,1
S004,2026-01-12,19,Mathematics,82,1,1
S004,2026-01-12,19,Biology,68,1,1
S005,2026-01-12,19,English,52,1,1
S005,2026-01-12,19,Mathematics,56,1,1
S005,2026-01-12,19,Biology,65,1,1
S006,2026-01-12,19,English,74,1,1
S006,2026-01-12,19,Mathematics,80,1,1
S006,2026-01-12,19,Biology,63,1,1
S007,2026-01-12,19,English,71,1,1
S007,2026-01-12,19,Mathematics,74,1,1
S007,2026-01-12,19,Biology,61,1,1
S008,2026-01-12,19,English,64,1,1
S008,2026-01-12,19,Mathematics,65,1,1
S008,2026-01-12,19,Biology,49,1,1
S009,2026-01-12,19,English,86,1,1
S009,2026-01-12,19,Mathematics,54,1,1
S009,2026-01-12,19,Biology,51,1,1
S010,2026-01-12,19,English,76,1,1
S010,2026-01-12,19,Mathematics,42,1,1
S010,2026-01-12,19,Biology,65,1,1
S011,2026-01-12,19,English,65,1,1
S011,2026-01-12,19,Mathematics,38,1,0
S011,2026-01-12,19,Biology,62,1,1
S012,2026-01-12,19,English,72,1,1
S012,2026-01-12,19,Mathematics,70,1,1
S012,2026-01-12,19,Biology,87,1,1
S013,2026-01-12,19,English,75,1,1
S013,2026-01-12,19,Mathematics,98,1,1
S013,2026-01-12,19,Biology,87,1,0
S014,2026-01-12,19,English,57,1,1
S014,2026-01-12,19,Mathematics,39,1,1
S014,2026-01-12,19,Biology,58,1,1
S015,2026-01-12,19,English,76,1,0
S015,2026-01-12,19,Mathematics,50,1,1
S015,2026-01-12,19,Biology,68,1,1
S016,2026-01-12,19,English,54,1,1
S016,2026-01-12,19,Mathematics,76,1,1
S016,2026-01-12,19,Biology,51,1,1
S017,2026-01-12,19,English,62,1,1
S017,2026-01-12,19,Mathematics,75,1,1
S017,2026-01-12,19,Biology,93,1,1
S018,2026-01-12,19,English,60,1,0
S018,2026-01-12,19,Mathematics,59,1,0
S018,2026-01-12,19,Biology,64,1,1
S019,2026-01-12,19,English,63,1,1
S019,2026-01-12,19,Mathematics,80,1,1
S019,2026-01-12,19,Biology,66,1,1
S020,2026-01-12,19,English,70,1,1
S020,2026-01-12,19,Mathematics,74,1,1
S020,2026-01-12,19,Biology,74,1,1
S021,2026-01-12,19,English,98,1,1
S021,2026-01-12,19,Mathematics,86,1,1
S021,2026-01-12,19,Biology,88,1,1
S022,2026-01-12,19,English,73,1,1
S022,2026-01-12,19,Mathematics,59,1,1
S022,2026-01-12,19,Biology,88,1,1
S023,2026-01-12,19,English,61,1,1
S023,2026-01-12,19,Mathematics,48,1,1
S023,2026-01-12,19,Biology,60,1,1
S024,2026-01-12,19,English,77,1,1
S024,2026-01-12,19,Mathematics,73,1,0
S024,2026-01-12,19,Biology,72,1,1
S025,2026-01-12,19,English,80,1,1
S025,2026-01-12,19,Mathematics,80,1,1
S025,2026-01-12,19,Biology,76,1,1
S026,2026-01-12,19,English,80,1,1
S026,2026-01-12,19,Mathematics,79,1,0
S026,2026-01-12,19,Biology,71,1,0
S027,2026-01-12,19,English,83,1,1
S027,2026-01-12,19,Mathematics,87,1,1
S027,2026-01-12,19,Biology,86,1,0
S028,2026-01-12,19,English,76,1,1
S028,2026-01-12,19,Mathematics,82,1,1
S028,2026-01-12,19,Biology,74,1,1
S029,2026-01-12,19,English,74,1,1
S029,2026-01-12,19,Mathematics,86,1,1
S029,2026-01-12,19,Biology,81,1,1
S030,2026-01-12,19,English,57,1,1
S030,2026-01-12,19,Mathematics,41,1,1
S030,2026-01-12,19,Biology,62,1,1
S031,2026-01-12,19,English,69,1,1
S031,2026-01-12,19,Mathematics,56,1,1
S031,2026-01-12,19,Biology,68,1,1
S032,2026-01-12,19,English,71,1,1
S032,2026-01-12,19,Mathematics,51,1,1
S032,2026-01-12,19,Biology,59,1,1
S033,2026-01-12,19,English,83,1,1
S033,2026-01-12,19,Mathematics,98,1,1
S033,2026-01-12,19,Biology,82,1,1
S034,2026-01-12,19,English,57,1,1
S034,2026-01-12,19,Mathematics,57,1,0
S034,2026-01-12,19,Biology,74,1,0
S035,2026-01-12,19,English,61,1,1
S035,2026-01-12,19,Mathematics,69,1,0
S035,2026-01-12,19,Biology,63,1,1
S036,2026-01-12,19,English,94,1,0
S036,2026-01-12,19,Mathematics,82,1,1
S036,2026-01-12,19,Biology,77,1,1
S037,2026-01-12,19,English,79,1,0
S037,2026-01-12,19,Mathematics,78,1,1
S037,2026-01-12,19,Biology,81,1,1
S038,2026-01-12,19,English,59,1,1
S038,2026-01-12,19,Mathematics,62,1,1
S038,2026-01-12,19,Biology,41,1,1
S039,2026-01-12,19,English,98,1,0
S039,2026-01-12,19,Mathematics,82,1,1
S039,2026-01-12,19,Biology,88,1,1
S040,2026-01-12,19,English,52,1,1
S040,2026-01-12,19,Mathematics,51,1,1
S040,2026-01-12,19,Biology,61,1,1
S041,2026-01-12,19,English,97,1,1
S041,2026-01-12,19,Mathematics,81,1,1
S041,2026-01-12,19,Biology,90,1,1
S042,2026-01-12,19,English,59,1,1
S042,2026-01-12,19,Mathematics,47,1,1
S042,2026-01-12,19,Biology,41,1,1
S043,2026-01-12,19,English,61,1,1
S043,2026-01-12,19,Mathematics,64,1,1
S043,2026-01-12,19,Biology,63,1,1
S044,2026-01-12,19,English,74,1,1
S044,2026-01-12,19,Mathematics,72,1,1
S044,2026-01-12,19,Biology,90,1,1
S045,2026-01-12,19,English,65,1,1
S045,2026-01-12,19,Mathematics,58,1,0
S045,2026-01-12,19,Biology,72,1,1
S046,2026-01-12,19,English,77,1,1
S046,2026-01-12,19,Mathematics,67,1,0
S046,2026-01-12,19,Biology,46,1,1
S047,2026-01-12,19,English,96,1,1
S047,2026-01-12,19,Mathematics,73,1,1
S047,2026-01-12,19,Biology,77,1,1
S048,2026-01-12,19,English,86,1,1
S048,2026-01-12,19,Mathematics,88,1,1
S048,2026-01-12,19,Biology,86,1,1
S049,2026-01-12,19,English,61,1,1
S049,2026-01-12,19,Mathematics,63,1,0
S049,2026-01-12,19,Biology,70,1,1
S050,2026-01-12,19,English,62,1,1
S050,2026-01-12,19,Mathematics,56,1,0
S050,2026-01-12,19,Biology,73,1,1
S001,2026-01-19,20,English,49,1,1
S001,2026-01-19,20,Mathematics,56,1,1
S001,2026-01-19,20,Biology,79,1,1
S002,2026-01-19,20,English,35,1,0
S002,2026-01-19,20,Mathematics,53,1,1
S002,2026-01-19,20,Biology,45,1,1
S003,2026-01-19,20,English,92,1,1
S003,2026-01-19,20,Mathematics,79,1,0
S003,2026-01-19,20,Biology,80,1,1
S004,2026-01-19,20,English,87,1,1
S004,2026-01-19,20,Mathematics,80,1,0
S004,2026-01-19,20,Biology,85,1,1
S005,2026-01-19,20,English,69,1,1
S005,2026-01-19,20,Mathematics,46,1,1
S005,2026-01-19,20,Biology,66,1,1
S006,2026-01-19,20,English,53,1,0
S006,2026-01-19,20,Mathematics,58,1,0
S006,2026-01-19,20,Biology,69,1,1
S007,2026-01-19,20,English,84,1,1
S007,2026-01-19,20,Mathematics,82,1,0
S007,2026-01-19,20,Biology,72,1,1
S008,2026-01-19,20,English,82,1,1
S008,2026-01-19,20,Mathematics,65,1,1
S008,2026-01-19,20,Biology,73,1,1
S009,2026-01-19,20,English,70,1,1
S009,2026-01-19,20,Mathematics,63,1,1
S009,2026-01-19,20,Biology,80,1,1
S010,2026-01-19,20,English,62,1,1
S010,2026-01-19,20,Mathematics,56,1,1
S010,2026-01-19,20,Biology,53,1,1
S011,2026-01-19,20,English,56,1,1
S011,2026-01-19,20,Mathematics,43,1,1
S011,2026-01-19,20,Biology,48,1,1
S012,2026-01-19,20,English,66,1,1
S012,2026-01-19,20,Mathematics,73,1,1
S012,2026-01-19,20,Biology,78,1,1
S013,2026-01-19,20,English,71,1,1
S013,2026-01-19,20,Mathematics,96,1,1
S013,2026-01-19,20,Biology,85,1,0
S014,2026-01-19,20,English,41,1,1
S014,2026-01-19,20,Mathematics,30,1,1
S014,2026-01-19,20,Biology,46,1,1
S015,2026-01-19,20,English,65,1,1
S015,2026-01-19,20,Mathematics,58,1,1
S015,2026-01-19,20,Biology,61,1,1
S016,2026-01-19,20,English,61,1,1
S016,2026-01-19,20,Mathematics,69,1,1
S016,2026-01-19,20,Biology,55,1,1
S017,2026-01-19,20,English,84,1,1
S017,2026-01-19,20,Mathematics,94,1,1
S017,2026-01-19,20,Biology,83,1,1
S018,2026-01-19,20,English,67,1,0
S018,2026-01-19,20,Mathematics,70,1,0
S018,2026-01-19,20,Biology,66,1,0
S019,2026-01-19,20,English,67,1,1
S019,2026-01-19,20,Mathematics,71,1,0
S019,2026-01-19,20,Biology,70,1,0
S020,2026-01-19,20,English,75,1,1
S020,2026-01-19,20,Mathematics,71,1,1
S020,2026-01-19,20,Biology,70,1,1
S021,2026-01-19,20,English,90,1,0
S021,2026-01-19,20,Mathematics,90,1,1
S021,2026-01-19,20,Biology,79,1,1
S022,2026-01-19,20,English,65,1,0
S022,2026-01-19,20,Mathematics,74,1,1
S022,2026-01-19,20,Biology,85,1,1
S023,2026-01-19,20,English,49,1,0
S023,2026-01-19,20,Mathematics,39,1,1
S023,2026-01-19,20,Biology,52,1,1
S024,2026-01-19,20,English,90,1,1
S024,2026-01-19,20,Mathematics,69,1,1
S024,2026-01-19,20,Biology,86,1,0
S025,2026-01-19,20,English,79,1,1
S025,2026-01-19,20,Mathematics,74,1,0
S025,2026-01-19,20,Biology,91,1,1
S026,2026-01-19,20,English,75,1,1
S026,2026-01-19,20,Mathematics,81,1,1
S026,2026-01-19,20,Biology,52,1,1
S027,2026-01-19,20,English,87,1,1
S027,2026-01-19,20,Mathematics,80,1,0
S027,2026-01-19,20,Biology,87,1,1
S028,2026-01-19,20,English,68,1,1
S028,2026-01-19,20,Mathematics,91,1,1
S028,2026-01-19,20,Biology,66,1,1
S029,2026-01-19,20,English,71,1,1
S029,2026-01-19,20,Mathematics,57,1,1
S029,2026-01-19,20,Biology,69,1,0
S030,2026-01-19,20,English,51,1,1
S030,2026-01-19,20,Mathematics,39,1,1
S030,2026-01-19,20,Biology,41,1,1
S031,2026-01-19,20,English,58,1,1
S031,2026-01-19,20,Mathematics,63,1,0
S031,2026-01-19,20,Biology,54,1,0
S032,2026-01-19,20,English,58,1,1
S032,2026-01-19,20,Mathematics,69,1,1
S032,2026-01-19,20,Biology,70,1,1
S033,2026-01-19,20,English,79,1,1
S033,2026-01-19,20,Mathematics,98,1,1
S033,2026-01-19,20,Biology,64,1,1
S034,2026-01-19,20,English,45,1,1
S034,2026-01-19,20,Mathematics,61,1,1
S034,2026-01-19,20,Biology,70,1,1
S035,2026-01-19,20,English,55,1,1
S035,2026-01-19,20,Mathematics,55,1,1
S035,2026-01-19,20,Biology,55,1,1
S036,2026-01-19,20,English,75,1,0
S036,2026-01-19,20,Mathematics,75,1,1
S036,2026-01-19,20,Biology,73,1,1
S037,2026-01-19,20,English,77,1,1
S037,2026-01-19,20,Mathematics,88,1,1
S037,2026-01-19,20,Biology,72,1,1
S038,2026-01-19,20,English,46,1,1
S038,2026-01-19,20,Mathematics,44,1,1
S038,2026-01-19,20,Biology,40,1,1
S039,2026-01-19,20,English,98,1,0
S039,2026-01-19,20,Mathematics,52,1,1
S039,2026-01-19,20,Biology,86,1,1
S040,2026-01-19,20,English,61,1,1
S040,2026-01-19,20,Mathematics,57,1,1
S040,2026-01-19,20,Biology,46,1,1
S041,2026-01-19,20,English,98,1,1
S041,2026-01-19,20,Mathematics,85,1,1
S041,2026-01-19,20,Biology,76,1,1
S042,2026-01-19,20,English,58,1,0
S042,2026-01-19,20,Mathematics,55,1,1
S042,2026-01-19,20,Biology,38,1,1
S043,2026-01-19,20,English,66,1,1
S043,2026-01-19,20,Mathematics,65,1,1
S043,2026-01-19,20,Biology,58,1,0
S044,2026-01-19,20,English,68,1,1
S044,2026-01-19,20,Mathematics,73,1,1
S044,2026-01-19,20,Biology,85,1,1
S045,2026-01-19,20,English,62,1,0
S045,2026-01-19,20,Mathematics,43,1,1
S045,2026-01-19,20,Biology,71,1,1
S046,2026-01-19,20,English,70,1,1
S046,2026-01-19,20,Mathematics,67,1,1
S046,2026-01-19,20,Biology,60,1,1
S047,2026-01-19,20,English,98,1,1
S047,2026-01-19,20,Mathematics,74,1,1
S047,2026-01-19,20,Biology,82,1,1
S048,2026-01-19,20,English,66,1,1
S048,2026-01-19,20,Mathematics,86,1,1
S048,2026-01-19,20,Biology,92,1,1
S049,2026-01-19,20,English,65,1,1
S049,2026-01-19,20,Mathematics,84,1,1
S049,2026-01-19,20,Biology,79,1,1
S050,2026-01-19,20,English,48,1,0
S050,2026-01-19,20,Mathematics,72,1,1
S050,2026-01-19,20,Biology,59,1,1
